Name,Illumination,Contrast,Clarity,Artifacts,Field,Quality,Left,Right,left_or_right,fundus_image_type
Glaucoma-1.jpg,0,0,0,1,1,0,1,0,left,standard
Glaucoma-2.jpg,0,0,0,1,1,0,1,0,left,standard
Glaucoma-3.jpg,0,0,0,1,1,0,0,1,right,standard
Glaucoma-4.jpg,0,0,0,1,1,0,0,1,right,standard
Glaucoma-5.jpg,1,1,0,1,1,0,1,0,left,standard
Glaucoma-6.jpg,0,0,0,1,1,1,1,0,left,standard
Glaucoma-7.jpg,0,0,0,1,1,0,0,1,right,standard
Glaucoma-8.jpg,0,0,1,1,1,0,0,1,right,standard
Glaucoma-9.jpg,1,1,1,1,1,1,1,0,left,standard
Glaucoma-10.jpg,0,1,1,1,1,1,0,1,right,standard
Glaucoma-11.jpg,0,0,0,1,1,0,1,0,left,standard
Glaucoma-12.jpg,0,0,0,1,1,0,0,1,right,standard
Glaucoma-13.jpg,0,1,1,1,1,1,0,1,right,standard
Glaucoma-14.jpg,0,0,0,1,1,0,0,1,right,standard
Glaucoma-15.jpg,1,1,0,1,1,1,1,0,left,standard
Glaucoma-16.jpg,0,0,0,1,1,0,0,1,right,standard
Glaucoma-17.jpg,0,0,0,1,1,0,0,1,right,standard
Glaucoma-18.jpg,0,0,0,1,1,0,0,1,right,standard
Glaucoma-19.jpg,0,0,0,1,1,0,0,1,right,standard
Glaucoma-20.jpg,0,0,0,1,1,0,0,1,right,standard
Glaucoma-21.jpg,0,0,0,1,1,0,1,0,left,standard
Glaucoma-22.jpg,0,0,0,1,1,0,0,1,right,standard
Glaucoma-23.jpg,0,0,0,1,1,0,1,0,left,standard
Glaucoma-24.jpg,0,0,0,1,1,0,0,1,right,standard
Glaucoma-25.jpg,1,0,0,1,1,1,1,0,left,standard
Glaucoma-26.jpg,1,1,0,1,1,1,1,0,left,standard
Glaucoma-27.jpg,0,0,0,1,1,0,1,0,left,standard
Glaucoma-28.jpg,0,0,0,1,1,0,0,1,right,standard
Glaucoma-29.jpg,0,0,0,1,1,0,1,0,left,standard
Glaucoma-30.jpg,0,1,0,0,1,0,1,0,left,standard
Glaucoma-31.jpg,0,0,0,1,1,0,1,0,left,standard
Glaucoma-32.jpg,0,0,0,1,1,0,0,1,right,standard
Glaucoma-33.jpg,0,0,0,1,1,0,1,0,left,standard
Glaucoma-34.jpg,0,0,0,0,1,0,0,1,right,standard
Glaucoma-35.jpg,0,1,0,1,1,0,1,0,left,standard
Glaucoma-36.jpg,0,1,0,1,1,0,1,0,left,standard
Glaucoma-37.jpg,1,1,0,1,1,0,0,1,right,standard
Glaucoma-38.jpg,0,0,0,0,1,0,0,1,right,standard
Glaucoma-39.jpg,0,0,0,0,1,0,0,1,right,standard
Glaucoma-40.jpg,0,0,0,0,1,0,0,1,right,standard
Glaucoma-41.jpg,1,0,0,1,1,0,0,1,right,standard
Glaucoma-42.jpg,0,0,0,1,1,0,0,1,right,standard
Glaucoma-43.jpg,0,0,0,1,1,0,1,0,left,standard
Glaucoma-44.jpg,0,0,0,1,1,0,1,0,left,standard
Glaucoma-45.jpg,0,0,0,1,1,0,1,0,left,standard
Glaucoma-46.jpg,0,0,0,1,1,0,0,1,right,standard
Glaucoma-47.jpg,0,0,0,1,1,0,0,1,right,standard
Glaucoma-48.jpg,0,0,0,1,1,0,0,1,right,standard
Glaucoma-49.jpg,0,0,0,1,1,0,1,0,left,standard
Glaucoma-50.jpg,0,0,0,0,1,0,0,1,right,standard
Glaucoma-51.jpg,0,0,0,1,1,0,0,1,right,standard
Glaucoma-52.jpg,0,0,0,1,1,0,1,0,left,standard
Healthy-1.jpg,1,1,1,1,1,1,0,1,right,standard
Healthy-2.jpg,1,1,1,1,1,1,0,1,right,standard
Healthy-3.jpg,1,1,1,1,1,1,0,1,right,standard
Healthy-4.jpg,1,1,1,1,1,1,0,1,right,standard
Healthy-5.jpg,1,1,1,1,1,1,1,0,left,standard
Healthy-6.jpg,1,1,1,1,1,1,1,0,left,standard
Healthy-7.jpg,1,1,1,1,1,1,1,0,left,standard
Healthy-8.jpg,0,1,1,1,1,1,1,0,left,standard
Healthy-9.jpg,0,1,1,1,1,1,0,1,right,standard
Healthy-10.jpg,1,1,1,1,1,1,0,1,right,standard
Healthy-11.jpg,1,1,1,1,1,1,1,0,left,standard
Healthy-12.jpg,1,1,1,1,1,1,0,1,right,standard
Healthy-13.jpg,1,1,1,1,1,1,1,0,left,standard
Healthy-14.jpg,1,1,1,1,1,1,0,1,right,standard
Healthy-15.jpg,1,1,1,1,1,1,1,0,left,standard
Healthy-16.jpg,1,1,1,1,1,1,0,1,right,standard
Healthy-17.jpg,1,1,1,1,1,1,1,0,left,standard
Healthy-18.jpg,1,1,1,1,1,1,0,1,right,standard
Healthy-19.jpg,1,1,1,1,1,1,1,0,left,standard
Healthy-20.jpg,1,1,1,1,1,1,1,0,left,standard
Healthy-21.jpg,1,1,1,1,1,1,0,1,right,standard
Healthy-22.jpg,1,1,1,1,1,1,1,0,left,standard
Healthy-23.jpg,1,1,1,1,1,1,1,0,left,standard
Healthy-24.jpg,1,1,1,1,1,1,0,1,right,standard
Healthy-25.jpg,1,1,1,1,1,1,0,1,right,standard
Healthy-26.jpg,1,1,1,1,1,1,0,1,right,standard
Local1-1.jpg,1,1,1,1,1,1,1,0,left,standard
Local1-2.jpg,0,1,1,1,1,1,0,1,right,standard
Local1-3.jpg,1,1,1,1,1,1,0,1,right,standard
Local1-4.jpg,0,1,1,1,1,1,1,0,left,standard
Local1-5.jpg,0,1,1,1,1,1,1,0,left,standard
Local1-6.jpg,0,1,1,1,1,1,1,0,left,standard
Local1-7.jpg,0,1,1,1,1,1,0,1,right,standard
Local1-8.jpg,0,1,1,1,1,1,1,0,left,standard
Local1-9.jpg,0,1,1,1,1,1,0,1,right,standard
Local1-10.jpg,1,1,1,1,1,1,1,0,left,standard
Local1-11.jpg,0,1,1,1,1,1,1,0,left,standard
Local1-12.jpg,1,1,1,1,1,1,1,0,left,standard
Local1-13.jpg,1,1,1,1,1,1,1,0,left,standard
Local1-14.jpg,0,1,1,1,1,1,1,0,left,standard
Local1-15.jpg,1,1,1,1,1,1,1,0,left,standard
Local1-16.jpg,0,1,0,1,1,0,1,0,left,standard
Local1-17.jpg,1,1,1,1,1,1,1,0,left,standard
Local1-18.jpg,1,1,1,1,1,1,1,0,left,standard
Local1-19.jpg,0,1,1,0,1,1,1,0,left,standard
Local1-20.jpg,0,1,1,1,1,1,1,0,left,standard
Local1-21.jpg,0,1,1,1,1,1,1,0,left,standard
Local1-22.jpg,0,1,1,1,1,1,1,0,left,standard
Local1-23.jpg,1,1,1,1,0,1,1,0,left,standard
Local1-24.jpg,0,1,1,1,1,1,0,1,right,standard
Local1-25.jpg,0,1,1,1,1,1,0,1,right,standard
Local1-26.jpg,0,1,1,1,1,1,1,0,left,standard
Local1-27.jpg,1,1,1,1,1,1,1,0,left,standard
Local1-28.jpg,0,1,1,1,1,0,1,0,left,standard
Local1-29.jpg,1,1,1,1,1,1,0,1,right,standard
Local1-30.jpg,1,1,1,1,1,1,0,1,right,standard
Local1-31.jpg,1,1,1,1,1,1,1,0,left,standard
Local1-32.jpg,0,1,1,1,1,1,1,0,left,standard
Local1-33.jpg,0,1,1,1,1,1,1,0,left,standard
Local1-34.jpg,0,1,1,1,1,1,1,0,left,standard
Local1-35.jpg,1,1,1,1,1,1,0,1,right,standard
Local1-36.jpg,1,1,0,0,1,0,0,1,right,standard
Local1-37.jpg,1,1,0,1,1,1,1,0,left,standard
Local1-38.jpg,0,1,1,1,1,1,0,1,right,standard
Local1-39.jpg,0,1,1,0,1,1,0,1,right,standard
Local1-40.jpg,1,1,0,0,1,1,0,1,right,standard
Local1-41.jpg,1,1,1,0,1,1,0,1,right,standard
Local1-42.jpg,1,1,1,0,1,1,0,1,right,standard
Local1-43.jpg,1,1,1,0,1,1,0,1,right,standard
Local1-44.jpg,0,1,1,1,1,1,0,1,right,standard
Local1-45.jpg,1,1,1,1,1,1,0,1,right,standard
Local1-46.jpg,0,1,0,1,1,0,1,0,left,standard
Local1-47.jpg,0,0,1,1,1,0,0,1,right,standard
Local1-48.jpg,0,0,1,1,1,0,0,1,right,standard
Local1-49.jpg,0,0,0,1,1,0,0,1,right,standard
Local1-50.jpg,0,1,1,1,1,0,0,1,right,standard
Local1-51.jpg,0,0,1,1,1,0,0,1,right,standard
Local1-52.jpg,0,0,1,1,1,0,0,1,right,standard
Local1-53.jpg,0,1,1,1,1,0,1,0,left,standard
Local1-54.jpg,0,1,1,1,1,0,1,0,left,standard
Local1-55.jpg,0,0,0,0,1,0,0,1,right,standard
Local1-56.jpg,0,0,1,1,1,0,0,1,right,standard
Local1-57.jpg,0,0,0,1,1,0,0,1,right,standard
Local1-58.jpg,0,0,0,0,1,0,0,1,right,standard
Local1-59.jpg,0,0,0,0,1,0,0,1,right,standard
Local1-60.jpg,0,0,0,0,1,0,0,1,right,standard
Local1-61.jpg,0,0,0,1,1,0,0,1,right,standard
Local1-62.jpg,0,0,0,1,1,0,0,1,right,standard
Local1-63.jpg,0,0,0,1,1,0,0,1,right,standard
Local1-64.jpg,0,0,0,0,1,0,0,1,right,standard
Local1-65.jpg,0,1,1,0,1,0,0,1,right,standard
Local1-66.jpg,0,1,0,0,1,0,0,1,right,standard
Local1-67.jpg,0,0,1,0,1,0,1,0,left,standard
Local1-68.jpg,0,1,0,0,1,0,1,0,left,standard
Local1-69.jpg,0,1,0,0,1,0,1,0,left,standard
Local1-70.jpg,0,1,1,1,1,0,0,1,right,standard
Local1-71.jpg,0,1,0,0,1,0,1,0,left,standard
Local1-72.jpg,0,1,1,0,1,0,1,0,left,standard
Local1-73.jpg,0,1,1,0,1,1,1,0,left,standard
Local1-74.jpg,0,0,0,1,1,0,0,1,right,standard
Local1-75.jpg,0,0,0,1,1,0,1,0,left,standard
Local1-76.jpg,0,0,0,1,1,0,1,0,left,standard
Local1-77.jpg,0,0,0,1,1,0,1,0,left,standard
Local1-78.jpg,0,0,0,0,1,0,1,0,left,standard
Local1-79.jpg,0,0,0,0,1,0,1,0,left,standard
Local1-80.jpg,0,0,0,0,1,0,1,0,left,standard
Local1-81.jpg,0,0,0,0,1,0,1,0,left,standard
Local1-82.jpg,0,0,0,0,1,0,1,0,left,standard
Local1-83.jpg,0,0,0,1,1,0,1,0,left,standard
Local1-84.jpg,0,1,1,0,1,0,1,0,left,standard
Local1-85.jpg,0,1,0,0,1,0,1,0,left,standard
Local1-86.jpg,0,1,0,0,1,0,1,0,left,standard
Local1-87.jpg,0,1,1,1,1,0,0,1,right,standard
Local1-88.jpg,0,1,1,1,1,0,0,1,right,standard
Local1-89.jpg,0,1,1,1,1,0,1,0,left,standard
Local1-90.jpg,0,1,1,1,1,0,1,0,left,standard
Local1-91.jpg,0,0,1,1,1,0,0,1,right,standard
Local1-92.jpg,0,0,0,0,1,0,1,0,left,standard
Local1-93.jpg,0,1,1,1,1,0,0,1,right,standard
Local1-94.jpg,0,1,1,1,1,0,1,0,left,standard
Local1-95.jpg,0,0,1,1,1,0,1,0,left,standard
Local1-96.jpg,0,0,0,1,1,0,1,0,left,standard
Local1-97.jpg,0,1,0,1,1,0,1,0,left,standard
Local1-98.jpg,0,1,1,0,1,0,1,0,left,standard
Local1-99.jpg,0,1,0,1,1,0,1,0,left,standard
Local1-100.jpg,0,0,0,1,1,0,1,0,left,standard
Local1-101.jpg,0,0,0,0,1,0,1,0,left,standard
Local1-102.jpg,0,1,0,0,1,0,1,0,left,standard
Local1-103.jpg,0,1,0,0,1,0,0,1,right,standard
Local1-104.jpg,0,1,0,0,1,0,0,1,right,standard
Local1-105.jpg,0,1,1,0,1,0,1,0,left,standard
Local1-106.jpg,0,1,0,1,1,0,1,0,left,standard
Local1-107.jpg,0,0,0,0,1,0,1,0,left,standard
Local1-108.jpg,0,1,0,0,1,0,1,0,left,standard
Local1-109.jpg,0,0,0,0,1,0,1,0,left,standard
Local1-110.jpg,0,0,0,1,1,0,1,0,left,standard
Local1-111.jpg,0,0,0,0,1,0,0,1,right,standard
Local1-112.jpg,0,0,0,1,1,0,0,1,right,standard
Local1-113.jpg,0,0,0,1,1,0,1,0,left,standard
Local1-114.jpg,0,0,0,1,1,0,1,0,left,standard
Local1-115.jpg,0,0,0,1,1,0,1,0,left,standard
Local1-116.jpg,0,0,1,1,1,0,1,0,left,standard
Local1-117.jpg,0,0,0,0,1,0,0,1,right,standard
Local1-118.jpg,0,0,0,1,1,0,0,1,right,standard
Local1-119.jpg,0,0,0,0,1,0,0,1,right,standard
Local1-120.jpg,0,0,0,1,1,0,0,1,right,standard
Local1-121.jpg,0,0,0,0,1,0,0,1,right,standard
Local1-122.jpg,0,0,0,0,1,0,0,1,right,standard
Local1-123.jpg,0,0,0,1,1,0,0,1,right,standard
Local1-124.jpg,0,0,1,1,1,0,0,1,right,standard
Local1-125.jpg,0,0,0,0,1,0,1,0,left,standard
Local1-126.jpg,0,0,0,0,1,0,0,1,right,standard
Local1-127.jpg,0,0,0,0,1,0,1,0,left,standard
Local1-128.jpg,0,0,0,1,1,0,1,0,left,standard
Local1-129.jpg,0,1,1,0,1,0,1,0,left,standard
Local1-130.jpg,0,1,0,0,1,0,1,0,left,standard
Local1-131.jpg,0,0,0,0,1,0,1,0,left,standard
Local1-132.jpg,0,0,0,1,1,0,0,1,right,standard
Local1-133.jpg,0,0,0,0,1,0,1,0,left,standard
Local1-134.jpg,0,0,0,1,1,0,0,1,right,standard
Local1-135.jpg,0,0,0,1,1,0,0,1,right,standard
Local1-136.jpg,0,0,0,1,1,0,0,1,right,standard
Local1-137.jpg,0,0,0,0,1,0,0,1,right,standard
Local1-138.jpg,0,0,0,0,1,0,0,1,right,standard
Local1-139.jpg,0,0,0,0,1,0,0,1,right,standard
Local1-140.jpg,1,1,1,1,1,1,1,0,left,standard
Local1-141.jpg,0,1,0,1,1,0,1,0,left,standard
Local1-142.jpg,0,0,0,1,1,0,1,0,left,standard
Local1-143.jpg,1,1,0,1,1,0,1,0,left,standard
Local1-144.jpg,1,1,0,1,1,0,0,1,right,standard
Local1-145.jpg,1,1,0,1,1,0,1,0,left,standard
Local1-146.jpg,1,0,0,1,1,0,0,1,right,standard
Local1-147.jpg,0,1,0,0,1,0,0,1,right,standard
Local1-148.jpg,0,0,0,1,1,0,0,1,right,standard
Local1-149.jpg,0,0,0,0,1,0,0,1,right,standard
Local1-150.jpg,0,0,0,0,1,0,1,0,left,standard
Local1-151.jpg,0,0,0,0,1,0,0,1,right,standard
Local1-152.jpg,0,0,0,0,1,0,1,0,left,standard
Local1-153.jpg,1,1,0,1,1,0,0,1,right,standard
Local1-154.jpg,0,1,0,1,1,0,1,0,left,standard
Local1-155.jpg,0,0,0,1,1,0,1,0,left,standard
Local1-156.jpg,0,1,0,1,1,0,1,0,left,standard
Local1-157.jpg,0,0,0,0,1,0,1,0,left,standard
Local1-158.jpg,0,0,0,1,1,0,1,0,left,standard
Local1-159.jpg,1,0,0,1,1,0,1,0,left,standard
Local1-160.jpg,0,0,0,0,1,0,1,0,left,standard
Local1-161.jpg,0,0,0,1,1,0,1,0,left,standard
Local1-162.jpg,0,1,1,1,1,0,1,0,left,standard
Local1-163.jpg,0,0,0,0,1,0,1,0,left,standard
Local1-164.jpg,0,0,0,1,1,0,1,0,left,standard
Local1-165.jpg,0,0,0,1,1,0,1,0,left,standard
Local1-166.jpg,0,0,0,0,1,0,1,0,left,standard
Local1-167.jpg,0,0,0,1,1,0,1,0,left,standard
Local1-168.jpg,0,0,0,0,1,0,1,0,left,standard
Local1-169.jpg,0,0,1,1,1,0,1,0,left,standard
Local1-170.jpg,1,0,0,1,1,0,1,0,left,standard
Local1-171.jpg,1,0,0,0,1,0,1,0,left,standard
Local1-172.jpg,0,0,0,1,1,0,1,0,left,standard
Local1-173.jpg,0,1,0,1,1,0,1,0,left,standard
Local1-174.jpg,1,1,0,0,1,0,0,1,right,standard
Local1-175.jpg,1,0,0,0,1,0,0,1,right,standard
Local1-176.jpg,0,0,0,0,1,0,0,1,right,standard
Local1-177.jpg,0,0,0,0,1,0,0,1,right,standard
Local1-178.jpg,1,1,0,1,1,1,1,0,left,standard
Local1-179.jpg,1,1,1,1,1,1,0,1,right,standard
Local1-180.jpg,0,1,0,0,1,0,1,0,left,standard
Local1-181.jpg,0,0,0,0,1,0,1,0,left,standard
Local1-182.jpg,0,0,1,1,1,0,0,1,right,standard
Local1-183.jpg,1,1,1,1,1,1,0,1,right,standard
Local1-184.jpg,1,1,1,1,1,1,1,0,left,standard
Local1-185.jpg,1,1,1,1,1,1,1,0,left,standard
Local1-186.jpg,1,1,1,1,1,1,1,0,left,standard
Local1-187.jpg,1,1,1,1,1,1,1,0,left,standard
Local1-188.jpg,1,1,1,1,1,1,1,0,left,standard
Local1-189.jpg,1,1,1,1,1,1,0,1,right,standard
Local1-190.jpg,1,1,1,1,1,1,0,1,right,standard
Local1-191.jpg,1,1,1,1,1,1,1,0,left,standard
Local1-192.jpg,1,1,1,0,1,1,0,1,right,standard
Local1-193.jpg,0,0,1,0,1,0,0,1,right,standard
Local1-194.jpg,0,0,1,1,1,0,0,1,right,standard
Local1-195.jpg,0,0,1,1,1,0,0,1,right,standard
Local1-196.jpg,1,1,0,1,1,1,0,1,right,standard
Local1-197.jpg,0,0,0,1,1,0,0,1,right,standard
Local1-198.jpg,0,0,0,0,1,0,0,1,right,standard
Local1-199.jpg,0,1,0,0,1,0,1,0,left,standard
Local2-1.jpg,1,1,1,1,1,1,1,0,left,standard
Local2-2.jpg,0,1,1,1,1,1,1,0,left,standard
Local2-3.jpg,0,1,1,1,1,1,1,0,left,standard
Local2-4.jpg,0,1,1,1,1,0,0,1,right,standard
Local2-5.jpg,1,1,1,1,1,1,1,0,left,standard
Local2-6.jpg,1,1,1,1,1,1,1,0,left,standard
Local2-7.jpg,0,1,1,1,1,1,1,0,left,standard
Local2-8.jpg,1,1,0,1,1,0,1,0,left,standard
Local2-9.jpg,1,1,1,1,1,1,0,1,right,standard
Local2-10.jpg,1,1,1,1,1,1,1,0,left,standard
Local2-11.jpg,1,1,1,1,1,1,1,0,left,standard
Local2-12.jpg,1,1,1,1,1,1,1,0,left,standard
Local2-13.jpg,1,1,0,1,1,1,0,1,right,standard
Local2-14.jpg,1,1,0,1,1,1,0,1,right,standard
Local2-15.jpg,0,1,0,1,1,1,0,1,right,standard
Local2-16.jpg,0,1,1,1,1,1,1,0,left,standard
Local2-17.jpg,0,1,1,1,1,1,1,0,left,standard
Local2-18.jpg,1,1,1,1,1,1,1,0,left,standard
Local2-19.jpg,1,1,1,1,1,1,1,0,left,standard
Local2-20.jpg,1,1,1,1,1,1,1,0,left,standard
Local2-21.jpg,1,1,1,1,1,1,0,1,right,standard
Local2-22.jpg,0,0,0,1,1,0,1,0,left,standard
Local2-23.jpg,0,0,0,1,0,0,0,1,right,standard
Local2-24.jpg,0,1,1,1,1,1,1,0,left,standard
Local2-25.jpg,1,1,1,1,1,1,1,0,left,standard
Local2-26.jpg,1,1,1,1,1,1,0,1,right,standard
Local2-27.jpg,0,1,1,1,1,1,0,1,right,standard
Local2-28.jpg,1,1,1,1,1,1,1,0,left,standard
Local2-29.jpg,0,1,0,1,1,1,0,1,right,standard
Local2-30.jpg,1,1,1,1,1,1,1,0,left,standard
Local2-31.jpg,0,0,0,1,1,0,0,1,right,standard
Local2-32.jpg,0,0,0,1,1,0,0,1,right,standard
Local2-33.jpg,0,0,0,1,1,0,1,0,left,standard
Local2-34.jpg,0,0,0,1,0,0,0,1,right,standard
Local2-35.jpg,0,0,0,1,1,0,1,0,left,standard
Local2-36.jpg,0,0,0,1,0,0,0,1,right,standard
Local2-37.jpg,0,0,0,1,1,0,1,0,left,standard
Local2-38.jpg,0,0,0,1,0,0,0,1,right,standard
Local2-39.jpg,0,0,0,1,0,0,0,1,right,standard
Local2-40.jpg,0,0,0,1,0,0,0,1,right,standard
Local2-41.jpg,0,0,0,1,0,0,0,1,right,standard
Local2-42.jpg,0,0,0,1,0,0,0,1,right,standard
Local2-43.jpg,0,0,0,1,0,0,1,0,left,standard
Local2-44.jpg,0,0,0,1,1,0,1,0,left,standard
Local2-45.jpg,0,1,0,1,1,0,1,0,left,standard
Local2-46.jpg,0,1,0,1,1,0,0,1,right,standard
Local2-47.jpg,0,0,0,1,1,0,0,1,right,standard
Local2-48.jpg,0,0,0,1,0,0,0,1,right,standard
Local2-49.jpg,0,0,0,1,0,0,0,1,right,standard
Local2-50.jpg,0,1,1,1,0,0,0,1,right,standard
Local2-51.jpg,0,0,0,0,0,0,0,1,right,standard
Local2-52.jpg,0,0,0,0,0,0,0,1,right,standard
Local2-53.jpg,0,1,0,1,0,0,0,1,right,standard
Local2-54.jpg,0,1,0,1,1,0,0,1,right,standard
Local2-55.jpg,0,1,0,1,0,0,0,1,right,standard
Local2-56.jpg,0,0,0,1,0,0,0,1,right,standard
Local2-57.jpg,0,1,0,1,0,0,0,1,right,standard
Local2-58.jpg,0,1,0,1,0,0,0,1,right,standard
Local2-59.jpg,0,1,1,1,0,0,0,1,right,standard
Local2-60.jpg,0,1,0,1,0,0,0,1,right,standard
Local2-61.jpg,0,0,0,1,0,0,0,1,right,standard
Local2-62.jpg,0,0,0,1,0,0,0,1,right,standard
Local2-63.jpg,0,0,0,1,1,0,0,1,right,standard
Local2-64.jpg,0,1,0,1,0,0,0,1,right,standard
Local2-65.jpg,0,1,1,1,1,0,0,1,right,standard
Local2-66.jpg,0,1,0,1,1,0,0,1,right,standard
Local2-67.jpg,0,0,0,1,0,0,0,1,right,standard
Local2-68.jpg,1,0,0,1,1,0,1,0,left,standard
Local2-69.jpg,0,0,0,1,0,0,0,1,right,standard
Local2-70.jpg,0,0,0,1,0,0,0,1,right,standard
Local2-71.jpg,0,0,0,1,0,0,0,1,right,standard
Local2-72.jpg,0,0,0,1,0,0,0,1,right,standard
Local2-73.jpg,0,0,0,1,0,0,0,1,right,standard
Local2-74.jpg,0,0,0,1,0,0,0,1,right,standard
Local2-75.jpg,1,0,0,1,1,0,1,0,left,standard
Local2-76.jpg,1,0,0,1,1,0,1,0,left,standard
Local2-77.jpg,1,0,0,1,0,0,1,0,left,standard
Local2-78.jpg,0,0,0,1,1,0,1,0,left,standard
Local2-79.jpg,0,0,0,1,1,0,1,0,left,standard
Local2-80.jpg,0,0,0,1,0,0,0,1,right,standard
Local2-81.jpg,1,1,1,1,1,0,1,0,left,standard
Local2-82.jpg,0,1,1,1,1,0,1,0,left,standard
Local2-83.jpg,1,0,0,1,1,0,1,0,left,standard
Local2-84.jpg,0,0,0,1,1,0,1,0,left,standard
Local2-85.jpg,0,0,0,1,0,0,0,1,right,standard
Local2-86.jpg,0,0,0,1,0,0,0,1,right,standard
Local2-87.jpg,0,0,0,1,0,0,0,1,right,standard
Local2-88.jpg,0,0,0,1,1,0,1,0,left,standard
Local2-89.jpg,0,0,0,1,1,0,1,0,left,standard
Local2-90.jpg,1,0,0,1,1,0,1,0,left,standard
Local2-91.jpg,0,0,0,1,1,0,1,0,left,standard
Local2-92.jpg,0,1,0,1,1,0,1,0,left,standard
Local2-93.jpg,0,0,0,1,1,0,0,1,right,standard
Local2-94.jpg,0,0,0,1,0,0,0,1,right,standard
Local2-95.jpg,0,0,0,1,1,0,0,1,right,standard
Local2-96.jpg,0,1,0,1,0,0,0,1,right,standard
Local2-97.jpg,0,0,0,1,0,0,0,1,right,standard
Local2-98.jpg,0,0,0,1,1,0,1,0,left,standard
Local2-99.jpg,1,1,1,1,1,0,1,0,left,standard
Local2-100.jpg,1,1,1,1,1,0,1,0,left,standard
Local2-101.jpg,1,0,0,1,0,0,0,1,right,standard
Local2-102.jpg,0,0,0,1,0,0,0,1,right,standard
Local2-103.jpg,0,0,0,1,0,0,0,1,right,standard
UWF-mosaic-1.jpg,1,1,0,1,1,1,0,1,right,ultrawidefield
UWF-mosaic-2.jpg,0,1,0,1,1,0,1,0,left,ultrawidefield
UWF-mosaic-3.jpg,1,1,1,1,1,1,0,1,right,ultrawidefield
UWF-mosaic-4.jpg,0,1,0,1,1,0,1,0,left,ultrawidefield
UWF-mosaic-5.jpg,1,1,1,1,1,1,0,1,right,ultrawidefield
UWF-mosaic-6.jpg,0,1,0,1,1,0,1,0,left,ultrawidefield
UWF-mosaic-7.jpg,0,1,0,0,1,0,1,0,left,ultrawidefield
UWF-mosaic-8.jpg,1,1,1,1,1,1,0,1,right,ultrawidefield
UWF-mosaic-9.jpg,0,1,0,1,1,0,0,1,right,ultrawidefield
UWF-mosaic-10.jpg,1,1,0,1,1,1,1,0,left,ultrawidefield
UWF-mosaic-11.jpg,1,1,0,1,1,0,0,1,right,ultrawidefield
UWF-mosaic-12.jpg,1,1,0,1,1,1,1,0,left,ultrawidefield
UWF-mosaic-13.jpg,1,1,0,1,1,1,0,1,right,ultrawidefield
UWF-mosaic-14.jpg,1,1,1,1,1,1,1,0,left,ultrawidefield
UWF-mosaic-15.jpg,1,1,0,1,1,1,0,1,right,ultrawidefield
UWF-mosaic-16.jpg,1,1,1,1,1,1,1,0,left,ultrawidefield
UWF-mosaic-17.jpg,1,1,0,1,1,0,0,1,right,ultrawidefield
UWF-mosaic-18.jpg,1,1,1,1,1,1,1,0,left,ultrawidefield
UWF-mosaic-19.jpg,1,1,1,1,1,1,0,1,right,ultrawidefield
UWF-mosaic-20.jpg,1,1,1,0,1,1,1,0,left,ultrawidefield
UWF-mosaic-21.jpg,1,1,1,1,1,1,0,1,right,ultrawidefield
UWF-mosaic-22.jpg,1,1,1,1,1,1,1,0,left,ultrawidefield
UWF-mosaic-23.jpg,1,1,1,1,1,1,0,1,right,ultrawidefield
UWF-mosaic-24.jpg,1,1,1,1,1,1,1,0,left,ultrawidefield
UWF-mosaic-25.jpg,1,1,1,1,1,1,0,1,right,ultrawidefield
UWF-mosaic-26.jpg,1,1,1,1,1,1,1,0,left,ultrawidefield
UWF-mosaic-27.jpg,1,1,1,1,1,1,0,1,right,ultrawidefield
UWF-mosaic-28.jpg,1,1,1,0,1,1,1,0,left,ultrawidefield
UWF-mosaic-29.jpg,1,1,1,1,1,1,0,1,right,ultrawidefield
UWF-mosaic-30.jpg,1,1,1,1,1,1,1,0,left,ultrawidefield
UWF-mosaic-31.jpg,1,1,1,1,1,1,0,1,right,ultrawidefield
UWF-mosaic-32.jpg,1,1,1,1,1,1,1,0,left,ultrawidefield
UWF-mosaic-33.jpg,1,1,1,1,1,1,0,1,right,ultrawidefield
UWF-mosaic-34.jpg,1,1,0,1,1,1,1,0,left,ultrawidefield
UWF-mosaic-35.jpg,1,1,1,1,1,1,1,0,left,ultrawidefield
UWF-mosaic-36.jpg,1,1,1,1,1,1,1,0,left,ultrawidefield
UWF-mosaic-37.jpg,1,1,1,1,1,1,1,0,left,ultrawidefield
UWF-mosaic-38.jpg,1,1,1,1,1,1,1,0,left,ultrawidefield
UWF-mosaic-39.jpg,1,1,1,1,1,1,1,0,left,ultrawidefield
UWF-mosaic-40.jpg,1,1,1,1,1,1,0,1,right,ultrawidefield
UWF-mosaic-41.jpg,0,0,0,1,1,0,1,0,left,ultrawidefield
UWF-mosaic-42.jpg,1,1,0,0,1,1,1,0,left,ultrawidefield
UWF-mosaic-43.jpg,1,1,0,1,1,1,0,1,right,ultrawidefield
UWF-mosaic-44.jpg,1,1,1,1,1,1,1,0,left,ultrawidefield
UWF-mosaic-45.jpg,1,1,1,1,1,1,0,1,right,ultrawidefield
UWF-mosaic-46.jpg,0,1,1,0,1,0,1,0,left,ultrawidefield
UWF-mosaic-47.jpg,1,1,1,1,1,1,1,0,left,ultrawidefield
UWF-mosaic-48.jpg,1,1,1,1,1,1,1,0,left,ultrawidefield
UWF-mosaic-49.jpg,1,1,1,1,1,1,0,1,right,ultrawidefield
UWF-mosaic-50.jpg,1,1,1,1,1,1,1,0,left,ultrawidefield
UWF-mosaic-51.jpg,1,1,1,1,1,1,0,1,right,ultrawidefield
UWF-mosaic-52.jpg,1,1,1,1,1,1,1,0,left,ultrawidefield
UWF-mosaic-53.jpg,1,0,1,1,1,0,0,1,right,ultrawidefield
UWF-mosaic-54.jpg,1,1,1,1,1,1,1,0,left,ultrawidefield
UWF-mosaic-55.jpg,1,0,0,1,1,0,0,1,right,ultrawidefield
UWF-mosaic-56.jpg,1,0,0,1,1,0,0,1,right,ultrawidefield
UWF-mosaic-57.jpg,1,0,0,1,1,0,0,1,right,ultrawidefield
UWF-mosaic-58.jpg,1,1,1,1,1,1,1,0,left,ultrawidefield
UWF-mosaic-59.jpg,0,0,1,0,1,0,1,0,left,ultrawidefield
UWF-mosaic-60.jpg,0,0,0,1,1,0,0,1,right,ultrawidefield
UWF-mosaic-61.jpg,1,0,1,0,1,1,1,0,left,ultrawidefield
UWF-mosaic-62.jpg,1,0,1,1,1,0,0,1,right,ultrawidefield
UWF-mosaic-63.jpg,1,0,0,1,1,0,0,1,right,ultrawidefield
UWF-mosaic-64.jpg,0,0,0,1,1,0,1,0,left,ultrawidefield
UWF-mosaic-65.jpg,1,0,0,1,1,0,0,1,right,ultrawidefield
UWF-mosaic-66.jpg,0,1,1,0,1,0,1,0,left,ultrawidefield
UWF-mosaic-67.jpg,0,1,0,1,1,0,0,1,right,ultrawidefield
UWF-mosaic-68.jpg,1,1,1,1,1,1,1,0,left,ultrawidefield
UWF-mosaic-69.jpg,1,1,1,1,1,1,0,1,right,ultrawidefield
UWF-mosaic-70.jpg,1,1,1,1,1,1,1,0,left,ultrawidefield
UWF-mosaic-71.jpg,1,1,1,1,1,1,0,1,right,ultrawidefield
UWF-mosaic-72.jpg,1,1,1,1,1,1,1,0,left,ultrawidefield
UWF-mosaic-73.jpg,1,1,1,1,1,1,0,1,right,ultrawidefield
UWF-mosaic-74.jpg,0,1,1,1,1,0,1,0,left,ultrawidefield
UWF-mosaic-75.jpg,1,1,1,1,1,1,0,1,right,ultrawidefield
UWF-mosaic-76.jpg,0,1,1,1,1,0,1,0,left,ultrawidefield
UWF-mosaic-77.jpg,0,1,1,1,1,0,0,1,right,ultrawidefield
UWF-mosaic-78.jpg,0,1,1,1,1,0,1,0,left,ultrawidefield
UWF-mosaic-79.jpg,0,1,1,1,1,1,0,1,right,ultrawidefield
UWF-mosaic-80.jpg,0,1,1,1,1,0,1,0,left,ultrawidefield
UWF-mosaic-81.jpg,1,1,1,1,1,1,0,1,right,ultrawidefield
UWF-mosaic-82.jpg,0,1,0,1,1,0,1,0,left,ultrawidefield
UWF-mosaic-83.jpg,1,1,1,1,1,1,0,1,right,ultrawidefield
UWF-mosaic-84.jpg,1,1,1,1,1,1,1,0,left,ultrawidefield
UWF-mosaic-85.jpg,1,1,1,1,1,1,0,1,right,ultrawidefield
UWF-mosaic-86.jpg,1,1,1,1,1,1,1,0,left,ultrawidefield
UWF-mosaic-87.jpg,1,1,1,1,1,1,0,1,right,ultrawidefield
UWF-mosaic-88.jpg,1,1,1,1,1,1,1,0,left,ultrawidefield
UWF-mosaic-89.jpg,1,1,1,1,1,1,0,1,right,ultrawidefield
UWF-mosaic-90.jpg,1,1,1,1,1,1,1,0,left,ultrawidefield
UWF-mosaic-91.jpg,0,1,1,1,1,1,0,1,right,ultrawidefield
UWF-mosaic-92.jpg,1,1,1,1,1,1,1,0,left,ultrawidefield
UWF-mosaic-93.jpg,0,1,1,1,1,1,0,1,right,ultrawidefield
UWF-mosaic-94.jpg,1,1,1,1,1,1,1,0,left,ultrawidefield
UWF-mosaic-95.jpg,1,1,1,0,1,1,0,1,right,ultrawidefield
UWF-mosaic-96.jpg,1,1,1,0,1,1,1,0,left,ultrawidefield
UWF-mosaic-97.jpg,1,1,1,1,1,1,0,1,right,ultrawidefield
UWF-mosaic-98.jpg,1,1,1,1,1,1,1,0,left,ultrawidefield
UWF-mosaic-99.jpg,1,1,1,1,1,1,0,1,right,ultrawidefield
UWF-mosaic-100.jpg,1,1,1,1,1,1,1,0,left,ultrawidefield
UWF-mosaic-101.jpg,1,1,0,1,1,1,0,1,right,ultrawidefield
UWF-mosaic-102.jpg,1,1,1,1,1,1,1,0,left,ultrawidefield
UWF-mosaic-103.jpg,1,1,1,1,1,1,0,1,right,ultrawidefield
UWF-mosaic-104.jpg,1,1,1,1,1,1,1,0,left,ultrawidefield
UWF-mosaic-105.jpg,1,1,1,1,1,1,0,1,right,ultrawidefield
UWF-mosaic-106.jpg,0,1,1,1,1,1,1,0,left,ultrawidefield
UWF-mosaic-107.jpg,1,1,1,1,1,1,0,1,right,ultrawidefield
UWF-mosaic-108.jpg,1,1,1,1,1,1,1,0,left,ultrawidefield
UWF-mosaic-109.jpg,1,1,1,1,1,1,0,1,right,ultrawidefield
UWF-mosaic-110.jpg,1,1,1,0,1,1,1,0,left,ultrawidefield
UWF-mosaic-111.jpg,1,1,1,1,1,1,0,1,right,ultrawidefield
UWF-mosaic-112.jpg,1,1,1,1,1,1,1,0,left,ultrawidefield
UWF-mosaic-113.jpg,1,1,1,1,1,1,0,1,right,ultrawidefield
UWF-mosaic-114.jpg,1,1,1,1,1,1,1,0,left,ultrawidefield
UWF-mosaic-115.jpg,0,1,1,1,1,1,0,1,right,ultrawidefield
UWF-mosaic-116.jpg,0,1,1,1,1,1,1,0,left,ultrawidefield
UWF-mosaic-117.jpg,1,1,1,1,1,1,0,1,right,ultrawidefield
UWF-mosaic-118.jpg,1,1,1,0,1,1,1,0,left,ultrawidefield
UWF-mosaic-119.jpg,1,1,1,1,1,1,0,1,right,ultrawidefield
UWF-mosaic-120.jpg,0,0,1,1,1,0,1,0,left,ultrawidefield
UWF-mosaic-121.jpg,1,1,1,1,1,1,0,1,right,ultrawidefield
UWF-mosaic-122.jpg,0,1,1,0,1,0,1,0,left,ultrawidefield
UWF-mosaic-123.jpg,1,1,0,1,1,1,0,1,right,ultrawidefield
UWF-mosaic-124.jpg,1,1,1,0,1,1,1,0,left,ultrawidefield
UWF-mosaic-125.jpg,1,1,1,1,1,1,0,1,right,ultrawidefield
UWF-mosaic-126.jpg,1,1,1,1,1,1,1,0,left,ultrawidefield
UWF-mosaic-127.jpg,1,1,1,1,1,1,0,1,right,ultrawidefield
UWF-mosaic-128.jpg,1,1,1,0,1,1,1,0,left,ultrawidefield
UWF-mosaic-129.jpg,1,1,0,1,1,1,0,1,right,ultrawidefield
UWF-mosaic-130.jpg,1,1,1,1,1,1,1,0,left,ultrawidefield
UWF-mosaic-131.jpg,0,0,1,1,1,0,0,1,right,ultrawidefield
UWF-mosaic-132.jpg,0,0,0,0,1,0,1,0,left,ultrawidefield
UWF-mosaic-133.jpg,0,1,1,1,1,1,0,1,right,ultrawidefield
UWF-mosaic-134.jpg,1,1,1,1,1,1,0,1,right,ultrawidefield
UWF-mosaic-135.jpg,0,0,0,1,1,0,1,0,left,ultrawidefield
UWF-mosaic-136.jpg,1,1,1,1,1,1,0,1,right,ultrawidefield
UWF-mosaic-137.jpg,1,1,0,1,1,1,1,0,left,ultrawidefield
UWF-mosaic-138.jpg,1,1,1,0,1,1,0,1,right,ultrawidefield
UWF-mosaic-139.jpg,1,1,1,1,1,1,1,0,left,ultrawidefield
UWF-mosaic-140.jpg,1,1,0,0,1,0,0,1,right,ultrawidefield
UWF-mosaic-141.jpg,0,1,0,1,1,0,1,0,left,ultrawidefield
UWF-mosaic-142.jpg,0,1,1,1,1,1,0,1,right,ultrawidefield
UWF-mosaic-143.jpg,0,1,0,1,1,0,1,0,left,ultrawidefield
UWF-mosaic-144.jpg,1,1,0,1,1,0,0,1,right,ultrawidefield
UWF-mosaic-145.jpg,1,1,0,1,1,0,1,0,left,ultrawidefield
UWF-mosaic-146.jpg,1,0,1,1,1,1,0,1,right,ultrawidefield
UWF-mosaic-147.jpg,1,1,0,1,1,0,1,0,left,ultrawidefield
UWF-mosaic-148.jpg,1,1,1,1,1,0,0,1,right,ultrawidefield
UWF-mosaic-149.jpg,1,1,0,0,1,0,1,0,left,ultrawidefield
UWF-mosaic-150.jpg,1,1,0,1,1,0,0,1,right,ultrawidefield
UWF-mosaic-151.jpg,1,1,1,1,1,0,1,0,left,ultrawidefield
UWF-mosaic-152.jpg,0,1,1,1,1,1,0,1,right,ultrawidefield
UWF-mosaic-153.jpg,0,1,1,1,1,1,1,0,left,ultrawidefield
UWF-mosaic-154.jpg,1,1,1,1,1,1,0,1,right,ultrawidefield
UWF-mosaic-155.jpg,1,1,1,1,1,1,1,0,left,ultrawidefield
UWF-mosaic-156.jpg,0,1,1,1,1,1,0,1,right,ultrawidefield
UWF-mosaic-157.jpg,0,1,1,1,1,1,1,0,left,ultrawidefield
UWF-mosaic-158.jpg,1,1,1,1,1,1,0,1,right,ultrawidefield
UWF-mosaic-159.jpg,1,1,1,1,1,1,1,0,left,ultrawidefield
UWF-mosaic-160.jpg,0,1,0,1,1,0,1,0,left,ultrawidefield
UWF-mosaic-161.jpg,1,0,1,1,1,1,0,1,right,ultrawidefield
UWF-mosaic-162.jpg,1,1,1,1,1,1,0,1,right,ultrawidefield
UWF-mosaic-163.jpg,1,0,0,1,1,0,1,0,left,ultrawidefield
UWF-mosaic-164.jpg,1,1,1,1,1,1,0,1,right,ultrawidefield
UWF-mosaic-165.jpg,0,0,0,1,1,0,1,0,left,ultrawidefield
UWF-mosaic-166.jpg,1,1,1,1,1,1,0,1,right,ultrawidefield
UWF-mosaic-167.jpg,1,1,1,1,1,1,1,0,left,ultrawidefield
UWF-mosaic-168.jpg,0,1,0,1,1,0,0,1,right,ultrawidefield
UWF-mosaic-169.jpg,1,1,1,0,1,1,1,0,left,ultrawidefield
UWF-mosaic-170.jpg,0,1,0,0,1,0,0,1,right,ultrawidefield
UWF-mosaic-171.jpg,1,1,1,1,1,1,1,0,left,ultrawidefield
UWF-mosaic-172.jpg,0,1,0,1,1,0,0,1,right,ultrawidefield
UWF-mosaic-173.jpg,1,1,1,1,1,1,1,0,left,ultrawidefield
UWF-mosaic-174.jpg,1,1,1,0,1,1,0,1,right,ultrawidefield
UWF-mosaic-175.jpg,1,1,1,1,1,1,1,0,left,ultrawidefield
UWF-mosaic-176.jpg,1,1,0,1,1,1,0,1,right,ultrawidefield
UWF-mosaic-177.jpg,0,1,0,1,1,0,1,0,left,ultrawidefield
UWF-mosaic-178.jpg,0,1,1,1,1,1,0,1,right,ultrawidefield
UWF-mosaic-179.jpg,0,1,1,0,1,1,1,0,left,ultrawidefield
UWF-mosaic-180.jpg,0,1,1,1,1,1,0,1,right,ultrawidefield
UWF-mosaic-181.jpg,0,1,1,1,1,1,1,0,left,ultrawidefield
UWF-mosaic-182.jpg,0,1,1,1,1,1,0,1,right,ultrawidefield
UWF-mosaic-183.jpg,0,1,1,1,1,1,1,0,left,ultrawidefield
UWF-mosaic-184.jpg,0,1,1,1,1,1,0,1,right,ultrawidefield
UWF-mosaic-185.jpg,0,1,1,1,1,1,1,0,left,ultrawidefield
UWF-mosaic-186.jpg,1,1,1,0,1,1,0,1,right,ultrawidefield
UWF-mosaic-187.jpg,1,1,1,1,1,1,1,0,left,ultrawidefield
UWF-mosaic-188.jpg,0,1,1,1,1,1,1,0,left,ultrawidefield
UWF-mosaic-189.jpg,1,1,1,1,1,1,0,1,right,ultrawidefield
UWF-mosaic-190.jpg,1,1,1,1,1,1,0,1,right,ultrawidefield
UWF-mosaic-191.jpg,0,0,0,1,1,0,1,0,left,ultrawidefield
UWF-mosaic-192.jpg,1,1,1,1,1,1,0,1,right,ultrawidefield
UWF-mosaic-193.jpg,1,0,0,1,1,0,1,0,left,ultrawidefield
UWF-mosaic-194.jpg,1,0,0,1,1,0,0,1,right,ultrawidefield
UWF-mosaic-195.jpg,1,0,1,1,1,1,1,0,left,ultrawidefield
UWF-mosaic-196.jpg,1,0,1,1,1,0,0,1,right,ultrawidefield
UWF-mosaic-197.jpg,1,0,1,0,1,0,0,1,right,ultrawidefield
UWF-mosaic-198.jpg,1,0,1,1,1,0,1,0,left,ultrawidefield
UWF-mosaic-199.jpg,1,0,1,1,1,0,0,1,right,ultrawidefield
UWF-mosaic-200.jpg,1,0,1,0,1,0,1,0,left,ultrawidefield
UWF-mosaic-201.jpg,1,1,1,0,1,1,0,1,right,ultrawidefield
UWF-mosaic-202.jpg,0,0,1,0,1,0,1,0,left,ultrawidefield
UWF-mosaic-203.jpg,1,1,1,1,1,1,0,1,right,ultrawidefield
UWF-mosaic-204.jpg,1,0,1,0,1,1,1,0,left,ultrawidefield
UWF-mosaic-205.jpg,1,1,1,1,1,1,0,1,right,ultrawidefield
UWF-mosaic-206.jpg,0,0,1,1,1,0,1,0,left,ultrawidefield
UWF-mosaic-207.jpg,1,1,1,0,1,1,0,1,right,ultrawidefield
UWF-mosaic-208.jpg,1,1,1,1,1,1,1,0,left,ultrawidefield
UWF-mosaic-209.jpg,1,1,1,1,1,1,1,0,left,ultrawidefield
UWF-mosaic-210.jpg,1,1,0,1,1,0,0,1,right,ultrawidefield
UWF-mosaic-211.jpg,0,1,0,1,1,0,1,0,left,ultrawidefield
UWF-mosaic-212.jpg,1,1,0,1,1,0,0,1,right,ultrawidefield
UWF-mosaic-213.jpg,1,1,0,1,1,0,1,0,left,ultrawidefield
UWF-mosaic-214.jpg,0,1,1,1,1,0,0,1,right,ultrawidefield
UWF-mosaic-215.jpg,0,0,0,1,1,0,1,0,left,ultrawidefield
UWF-mosaic-216.jpg,1,1,1,1,1,1,1,0,left,ultrawidefield
UWF-mosaic-217.jpg,1,1,1,0,1,1,1,0,left,ultrawidefield
UWF-mosaic-218.jpg,1,1,1,0,1,1,0,1,right,ultrawidefield
UWF-mosaic-219.jpg,1,1,1,0,1,1,1,0,left,ultrawidefield
UWF-mosaic-220.jpg,0,1,1,0,1,1,0,1,right,ultrawidefield
UWF-mosaic-221.jpg,1,1,1,1,1,1,0,1,right,ultrawidefield
UWF-mosaic-222.jpg,0,1,0,1,1,0,1,0,left,ultrawidefield
UWF-mosaic-223.jpg,0,1,0,1,1,0,0,1,right,ultrawidefield
UWF-mosaic-224.jpg,1,1,0,0,1,1,1,0,left,ultrawidefield
UWF-mosaic-225.jpg,0,1,0,1,1,0,0,1,right,ultrawidefield
UWF-mosaic-226.jpg,0,1,0,1,1,0,1,0,left,ultrawidefield
UWF-mosaic-227.jpg,1,1,0,1,1,0,0,1,right,ultrawidefield
UWF-mosaic-228.jpg,1,1,0,1,1,0,1,0,left,ultrawidefield
UWF-mosaic-229.jpg,1,1,0,1,1,0,0,1,right,ultrawidefield
UWF-mosaic-230.jpg,0,1,0,1,1,0,1,0,left,ultrawidefield
UWF-mosaic-231.jpg,1,1,1,1,1,1,0,1,right,ultrawidefield
UWF-mosaic-232.jpg,0,1,1,1,1,0,1,0,left,ultrawidefield
UWF-mosaic-233.jpg,0,1,1,1,1,0,0,1,right,ultrawidefield
UWF-mosaic-234.jpg,0,1,1,1,1,0,1,0,left,ultrawidefield
UWF-mosaic-235.jpg,1,1,1,1,1,1,0,1,right,ultrawidefield
UWF-mosaic-236.jpg,1,1,1,1,1,1,1,0,left,ultrawidefield
UWF-mosaic-237.jpg,1,1,1,1,1,1,0,1,right,ultrawidefield
UWF-mosaic-238.jpg,1,1,1,1,1,1,1,0,left,ultrawidefield
UWF-mosaic-239.jpg,1,1,1,1,1,1,0,1,right,ultrawidefield
UWF-mosaic-240.jpg,0,1,0,1,1,0,1,0,left,ultrawidefield
UWF-mosaic-241.jpg,1,1,1,1,1,1,0,1,right,ultrawidefield
UWF-mosaic-242.jpg,1,1,1,0,1,1,1,0,left,ultrawidefield
UWF-mosaic-243.jpg,1,1,1,1,1,1,0,1,right,ultrawidefield
UWF-mosaic-244.jpg,1,1,1,1,1,1,1,0,left,ultrawidefield
UWF-mosaic-245.jpg,1,1,1,1,1,1,0,1,right,ultrawidefield
UWF-mosaic-246.jpg,1,1,1,1,1,1,1,0,left,ultrawidefield
UWF-mosaic-247.jpg,1,1,1,1,1,1,0,1,right,ultrawidefield
UWF-mosaic-248.jpg,1,1,1,1,1,1,1,0,left,ultrawidefield
UWF-mosaic-249.jpg,1,1,1,1,1,1,0,1,right,ultrawidefield
UWF-mosaic-250.jpg,1,1,1,1,1,1,1,0,left,ultrawidefield
UWF-mosaic-251.jpg,0,1,1,1,1,1,0,1,right,ultrawidefield
UWF-mosaic-252.jpg,1,1,1,1,1,1,1,0,left,ultrawidefield
UWF-mosaic-253.jpg,1,1,1,1,1,1,0,1,right,ultrawidefield
UWF-mosaic-254.jpg,1,1,1,1,1,1,1,0,left,ultrawidefield
UWF-mosaic-255.jpg,1,1,1,1,1,1,0,1,right,ultrawidefield
UWF-mosaic-256.jpg,1,1,1,1,1,1,1,0,left,ultrawidefield
UWF-mosaic-257.jpg,0,1,1,1,1,0,0,1,right,ultrawidefield
UWF-mosaic-258.jpg,1,1,1,1,1,1,0,1,right,ultrawidefield
UWF-mosaic-259.jpg,0,1,1,1,1,1,1,0,left,ultrawidefield
UWF-mosaic-260.jpg,0,1,1,0,1,1,0,1,right,ultrawidefield
UWF-mosaic-261.jpg,0,1,0,0,1,0,0,1,right,ultrawidefield
UWF-mosaic-262.jpg,1,1,1,0,1,1,1,0,left,ultrawidefield
UWF-mosaic-263.jpg,1,1,1,1,1,1,1,0,left,ultrawidefield
UWF-mosaic-264.jpg,0,1,1,0,1,0,0,1,right,ultrawidefield
UWF-mosaic-265.jpg,1,1,0,1,1,0,0,1,right,ultrawidefield
UWF-mosaic-266.jpg,1,1,0,1,1,0,0,1,right,ultrawidefield
UWF-mosaic-267.jpg,1,1,0,0,1,1,0,1,right,ultrawidefield
UWF-mosaic-268.jpg,0,1,1,0,1,1,1,0,left,ultrawidefield
UWF-mosaic-269.jpg,0,1,1,1,1,1,1,0,left,ultrawidefield
UWF-mosaic-270.jpg,0,1,1,0,1,1,1,0,left,ultrawidefield
UWF-mosaic-271.jpg,0,1,1,1,1,0,1,0,left,ultrawidefield
UWF-mosaic-272.jpg,0,1,0,1,1,0,0,1,right,ultrawidefield
UWF-mosaic-273.jpg,0,1,1,1,1,0,1,0,left,ultrawidefield
UWF-mosaic-274.jpg,1,1,0,1,1,0,0,1,right,ultrawidefield
UWF-mosaic-275.jpg,0,1,1,1,1,0,1,0,left,ultrawidefield
UWF-mosaic-276.jpg,0,1,0,1,1,0,0,1,right,ultrawidefield
UWF-mosaic-277.jpg,0,1,0,1,1,0,1,0,left,ultrawidefield
UWF-mosaic-278.jpg,1,1,1,1,1,1,0,1,right,ultrawidefield
UWF-mosaic-279.jpg,0,1,0,1,1,0,1,0,left,ultrawidefield
UWF-mosaic-280.jpg,1,1,0,1,1,0,0,1,right,ultrawidefield
UWF-mosaic-281.jpg,1,1,1,0,1,1,1,0,left,ultrawidefield
UWF-mosaic-282.jpg,0,1,0,0,1,0,0,1,right,ultrawidefield
UWF-mosaic-283.jpg,0,1,1,1,1,1,1,0,left,ultrawidefield
UWF-mosaic-284.jpg,0,1,0,1,1,0,0,1,right,ultrawidefield
UWF-mosaic-285.jpg,1,1,1,1,1,1,1,0,left,ultrawidefield
UWF-mosaic-286.jpg,0,1,1,0,1,1,0,1,right,ultrawidefield
UWF-mosaic-287.jpg,0,1,1,0,1,1,1,0,left,ultrawidefield
UWF-mosaic-288.jpg,0,1,1,0,1,0,0,1,right,ultrawidefield
UWF-mosaic-289.jpg,0,1,1,0,1,1,1,0,left,ultrawidefield
UWF-mosaic-290.jpg,0,1,0,1,1,0,0,1,right,ultrawidefield
UWF-mosaic-291.jpg,1,1,0,1,1,1,1,0,left,ultrawidefield
UWF-mosaic-292.jpg,0,1,0,1,1,0,0,1,right,ultrawidefield
UWF-mosaic-293.jpg,0,1,1,1,1,1,1,0,left,ultrawidefield
UWF-mosaic-294.jpg,1,1,0,1,1,0,0,1,right,ultrawidefield
UWF-mosaic-295.jpg,1,1,1,1,1,1,1,0,left,ultrawidefield
UWF-mosaic-296.jpg,1,1,1,1,1,1,0,1,right,ultrawidefield
UWF-mosaic-297.jpg,1,1,1,1,1,1,0,1,right,ultrawidefield
UWF-mosaic-298.jpg,1,1,0,1,1,1,1,0,left,ultrawidefield
UWF-mosaic-299.jpg,0,1,1,1,1,1,0,1,right,ultrawidefield
UWF-mosaic-300.jpg,0,1,1,1,1,1,1,0,left,ultrawidefield
UWF-mosaic-301.jpg,1,1,1,1,1,1,0,1,right,ultrawidefield
UWF-mosaic-302.jpg,0,1,1,0,1,1,1,0,left,ultrawidefield
UWF-mosaic-303.jpg,1,1,1,0,1,1,0,1,right,ultrawidefield
UWF-mosaic-304.jpg,0,1,1,1,1,1,1,0,left,ultrawidefield
UWF-mosaic-305.jpg,1,1,1,1,1,1,0,1,right,ultrawidefield
UWF-mosaic-306.jpg,0,1,1,1,1,0,1,0,left,ultrawidefield
UWF-mosaic-307.jpg,1,1,0,1,1,1,0,1,right,ultrawidefield
UWF-mosaic-308.jpg,1,0,1,1,1,1,1,0,left,ultrawidefield
UWF-mosaic-309.jpg,1,1,0,1,1,1,0,1,right,ultrawidefield
UWF-mosaic-310.jpg,1,1,1,1,1,1,1,0,left,ultrawidefield
UWF-mosaic-311.jpg,0,1,1,1,1,1,1,0,left,ultrawidefield
UWF-mosaic-312.jpg,0,1,0,1,1,0,0,1,right,ultrawidefield
UWF-mosaic-313.jpg,1,1,1,1,1,1,1,0,left,ultrawidefield
UWF-mosaic-314.jpg,0,1,0,1,1,0,0,1,right,ultrawidefield
UWF-mosaic-315.jpg,1,1,0,1,1,1,1,0,left,ultrawidefield
UWF-mosaic-316.jpg,1,1,1,1,1,1,0,1,right,ultrawidefield
UWF-mosaic-317.jpg,1,1,1,1,1,1,1,0,left,ultrawidefield
UWF-mosaic-318.jpg,1,1,1,1,1,1,0,1,right,ultrawidefield
UWF-mosaic-319.jpg,1,1,1,1,1,1,1,0,left,ultrawidefield
UWF-mosaic-320.jpg,0,1,0,1,1,0,0,1,right,ultrawidefield
UWF-mosaic-321.jpg,0,1,0,1,1,0,1,0,left,ultrawidefield
UWF-mosaic-322.jpg,0,1,0,1,1,0,1,0,left,ultrawidefield
UWF-mosaic-323.jpg,0,1,1,1,1,1,1,0,left,ultrawidefield
UWF-mosaic-324.jpg,1,1,1,1,1,1,0,1,right,ultrawidefield
UWF-mosaic-325.jpg,1,1,1,1,1,1,1,0,left,ultrawidefield
UWF-mosaic-326.jpg,0,1,1,1,1,1,0,1,right,ultrawidefield
UWF-mosaic-327.jpg,1,1,1,1,1,1,1,0,left,ultrawidefield
UWF-mosaic-328.jpg,1,1,1,1,1,1,0,1,right,ultrawidefield
UWF-mosaic-329.jpg,1,1,1,1,1,1,1,0,left,ultrawidefield
UWF-mosaic-330.jpg,0,1,0,1,1,0,0,1,right,ultrawidefield
UWF-mosaic-331.jpg,0,0,0,1,1,0,1,0,left,ultrawidefield
UWF-mosaic-332.jpg,0,1,1,1,1,1,0,1,right,ultrawidefield
UWF-mosaic-333.jpg,1,1,0,1,1,0,1,0,left,ultrawidefield
UWF-mosaic-334.jpg,0,1,0,1,1,0,0,1,right,ultrawidefield
UWF-mosaic-335.jpg,0,1,1,1,1,1,1,0,left,ultrawidefield
UWF-mosaic-336.jpg,0,1,1,1,1,1,0,1,right,ultrawidefield
UWF-mosaic-337.jpg,1,1,1,1,1,1,1,0,left,ultrawidefield
UWF-mosaic-338.jpg,1,1,1,1,1,1,0,1,right,ultrawidefield
UWF-mosaic-339.jpg,0,1,0,1,1,0,1,0,left,ultrawidefield
UWF-mosaic-340.jpg,1,1,1,1,1,1,0,1,right,ultrawidefield
UWF-mosaic-341.jpg,1,1,1,1,1,1,1,0,left,ultrawidefield
UWF-mosaic-342.jpg,1,1,1,1,1,1,0,1,right,ultrawidefield
UWF-mosaic-343.jpg,1,1,0,1,1,0,1,0,left,ultrawidefield
UWF-mosaic-344.jpg,0,1,1,1,1,1,0,1,right,ultrawidefield
UWF-mosaic-345.jpg,0,0,0,1,1,0,1,0,left,ultrawidefield
UWF-mosaic-346.jpg,0,1,1,1,1,1,0,1,right,ultrawidefield
UWF-mosaic-347.jpg,0,1,0,1,1,0,1,0,left,ultrawidefield
UWF-mosaic-348.jpg,1,1,1,1,1,1,0,1,right,ultrawidefield
UWF-mosaic-349.jpg,0,1,0,0,1,0,1,0,left,ultrawidefield
UWF-mosaic-350.jpg,0,1,1,1,1,1,0,1,right,ultrawidefield
UWF-mosaic-351.jpg,0,1,1,1,1,1,1,0,left,ultrawidefield
UWF-mosaic-352.jpg,1,1,1,1,1,1,0,1,right,ultrawidefield
UWF-mosaic-353.jpg,0,1,1,0,1,1,1,0,left,ultrawidefield
UWF-mosaic-354.jpg,0,1,0,1,1,0,0,1,right,ultrawidefield
UWF-mosaic-355.jpg,1,1,0,1,1,0,1,0,left,ultrawidefield
UWF-mosaic-356.jpg,0,1,0,1,1,0,0,1,right,ultrawidefield
UWF-mosaic-357.jpg,0,1,1,1,1,1,1,0,left,ultrawidefield
UWF-mosaic-358.jpg,0,1,0,1,1,0,0,1,right,ultrawidefield
UWF-mosaic-359.jpg,1,0,0,1,1,0,1,0,left,ultrawidefield
UWF-mosaic-360.jpg,0,1,1,0,1,0,0,1,right,ultrawidefield
UWF-mosaic-361.jpg,1,0,0,1,1,0,1,0,left,ultrawidefield
UWF-mosaic-362.jpg,1,1,0,1,1,1,0,1,right,ultrawidefield
UWF-mosaic-363.jpg,0,1,1,1,1,1,0,1,right,ultrawidefield
UWF-mosaic-364.jpg,1,1,1,1,1,1,0,1,right,ultrawidefield
UWF-mosaic-365.jpg,1,1,1,1,1,1,0,1,right,ultrawidefield
UWF-mosaic-366.jpg,1,1,1,1,1,1,1,0,left,ultrawidefield
UWF-mosaic-367.jpg,0,1,0,0,1,0,0,1,right,ultrawidefield
UWF-mosaic-368.jpg,0,1,0,0,1,0,1,0,left,ultrawidefield
UWF-mosaic-369.jpg,0,0,0,1,1,0,0,1,right,ultrawidefield
UWF-mosaic-370.jpg,0,1,0,1,1,0,1,0,left,ultrawidefield
UWF-mosaic-371.jpg,0,0,0,1,1,0,0,1,right,ultrawidefield
UWF-mosaic-372.jpg,0,1,0,0,1,0,0,1,right,ultrawidefield
UWF-mosaic-373.jpg,0,1,0,1,1,0,1,0,left,ultrawidefield
UWF-mosaic-374.jpg,0,1,0,1,1,0,0,1,right,ultrawidefield
UWF-mosaic-375.jpg,0,1,1,1,1,0,1,0,left,ultrawidefield
UWF-mosaic-376.jpg,1,1,1,1,1,1,0,1,right,ultrawidefield
UWF-mosaic-377.jpg,1,1,1,1,1,1,1,0,left,ultrawidefield
UWF-mosaic-378.jpg,1,1,1,0,1,1,0,1,right,ultrawidefield
UWF-mosaic-379.jpg,0,1,1,1,1,1,0,1,right,ultrawidefield
UWF-mosaic-380.jpg,1,1,1,1,1,1,1,0,left,ultrawidefield
UWF-mosaic-381.jpg,1,1,1,1,1,1,0,1,right,ultrawidefield
UWF-mosaic-382.jpg,1,1,1,1,1,1,1,0,left,ultrawidefield
UWF-mosaic-383.jpg,1,1,1,1,1,1,0,1,right,ultrawidefield
UWF-mosaic-384.jpg,1,1,1,1,1,1,1,0,left,ultrawidefield
UWF-mosaic-385.jpg,1,1,1,1,1,1,0,1,right,ultrawidefield
UWF-mosaic-386.jpg,1,1,1,1,1,1,1,0,left,ultrawidefield
UWF-mosaic-387.jpg,0,1,0,1,1,0,0,1,right,ultrawidefield
UWF-mosaic-388.jpg,1,1,0,1,1,0,1,0,left,ultrawidefield
UWF-mosaic-389.jpg,0,1,1,1,1,1,0,1,right,ultrawidefield
UWF-mosaic-390.jpg,1,1,1,1,1,1,1,0,left,ultrawidefield
UWF-mosaic-391.jpg,0,1,1,0,1,1,0,1,right,ultrawidefield
UWF-mosaic-392.jpg,0,1,1,0,1,1,1,0,left,ultrawidefield
UWF-mosaic-393.jpg,0,1,1,1,1,1,0,1,right,ultrawidefield
UWF-mosaic-394.jpg,0,1,1,1,1,1,1,0,left,ultrawidefield
UWF-mosaic-395.jpg,0,1,1,1,1,1,0,1,right,ultrawidefield
UWF-mosaic-396.jpg,0,1,1,1,1,1,1,0,left,ultrawidefield
UWF-mosaic-397.jpg,1,1,1,1,1,1,0,1,right,ultrawidefield
UWF-mosaic-398.jpg,0,1,1,1,1,1,1,0,left,ultrawidefield
UWF-mosaic-399.jpg,1,1,1,1,1,1,1,0,left,ultrawidefield
UWF-mosaic-400.jpg,0,1,1,1,1,1,0,1,right,ultrawidefield
UWF-mosaic-401.jpg,0,1,0,1,1,0,1,0,left,ultrawidefield
UWF-mosaic-402.jpg,0,1,0,1,1,0,0,1,right,ultrawidefield
UWF-mosaic-403.jpg,0,1,0,1,1,0,1,0,left,ultrawidefield
UWF-mosaic-404.jpg,0,1,0,1,1,0,0,1,right,ultrawidefield
UWF-mosaic-405.jpg,1,1,0,0,1,0,1,0,left,ultrawidefield
UWF-mosaic-406.jpg,1,1,1,0,1,1,0,1,right,ultrawidefield
UWF-mosaic-407.jpg,0,1,0,0,1,0,1,0,left,ultrawidefield
UWF-mosaic-408.jpg,0,1,1,0,1,1,0,1,right,ultrawidefield
UWF-mosaic-409.jpg,1,1,0,0,1,0,1,0,left,ultrawidefield
UWF-mosaic-410.jpg,1,1,1,1,1,1,0,1,right,ultrawidefield
UWF-mosaic-411.jpg,1,0,0,1,1,0,1,0,left,ultrawidefield
UWF-mosaic-412.jpg,0,1,1,0,1,1,0,1,right,ultrawidefield
UWF-mosaic-413.jpg,0,1,0,1,1,0,1,0,left,ultrawidefield
UWF-mosaic-414.jpg,0,1,1,1,1,1,0,1,right,ultrawidefield
UWF-mosaic-415.jpg,0,1,1,0,1,1,1,0,left,ultrawidefield
UWF-mosaic-416.jpg,1,1,0,1,1,1,0,1,right,ultrawidefield
UWF-mosaic-417.jpg,1,1,1,1,1,1,1,0,left,ultrawidefield
UWF-mosaic-418.jpg,1,1,0,1,1,1,1,0,left,ultrawidefield
UWF-mosaic-419.jpg,1,1,0,1,1,1,0,1,right,ultrawidefield
UWF-mosaic-420.jpg,0,1,1,1,1,1,1,0,left,ultrawidefield
UWF-mosaic-421.jpg,0,1,1,1,1,1,0,1,right,ultrawidefield
UWF-mosaic-422.jpg,1,1,1,1,1,1,1,0,left,ultrawidefield
UWF-mosaic-423.jpg,1,1,1,1,1,1,0,1,right,ultrawidefield
UWF-mosaic-424.jpg,0,1,0,1,1,0,1,0,left,ultrawidefield
UWF-mosaic-425.jpg,1,1,1,1,1,1,0,1,right,ultrawidefield
UWF-mosaic-426.jpg,0,1,0,1,1,0,0,1,right,ultrawidefield
UWF-mosaic-427.jpg,0,1,1,1,1,1,1,0,left,ultrawidefield
UWF-mosaic-428.jpg,0,1,0,1,1,0,0,1,right,ultrawidefield
UWF-mosaic-429.jpg,0,1,1,1,1,0,0,1,right,ultrawidefield
UWF-mosaic-430.jpg,0,1,0,0,1,1,1,0,left,ultrawidefield
UWF-mosaic-431.jpg,1,1,1,1,1,0,0,1,right,ultrawidefield
UWF-mosaic-432.jpg,0,1,0,1,1,1,1,0,left,ultrawidefield
UWF-mosaic-433.jpg,0,1,0,1,1,0,0,1,right,ultrawidefield
UWF-mosaic-434.jpg,0,1,0,1,1,0,0,1,right,ultrawidefield
UWF-mosaic-435.jpg,0,1,0,1,1,0,0,1,right,ultrawidefield
UWF-mosaic-436.jpg,1,0,0,0,1,0,1,0,left,ultrawidefield
UWF-mosaic-437.jpg,0,1,1,1,1,0,0,1,right,ultrawidefield
UWF-mosaic-438.jpg,1,1,1,1,1,1,1,0,left,ultrawidefield
UWF-mosaic-439.jpg,1,1,1,1,1,1,0,1,right,ultrawidefield
UWF-mosaic-440.jpg,0,1,1,1,1,1,1,0,left,ultrawidefield
UWF-mosaic-441.jpg,0,1,1,1,1,1,0,1,right,ultrawidefield
UWF-mosaic-442.jpg,0,1,1,1,1,1,1,0,left,ultrawidefield
UWF-mosaic-443.jpg,0,1,1,1,1,1,0,1,right,ultrawidefield
UWF-mosaic-444.jpg,0,1,1,1,1,1,1,0,left,ultrawidefield
UWF-mosaic-445.jpg,0,1,0,1,1,0,1,0,left,ultrawidefield
UWF-mosaic-446.jpg,0,1,0,1,1,0,1,0,left,ultrawidefield
UWF-mosaic-447.jpg,0,1,0,1,1,0,1,0,left,ultrawidefield
UWF-mosaic-448.jpg,0,1,0,1,1,0,1,0,left,ultrawidefield
UWF-mosaic-449.jpg,0,1,1,0,1,1,1,0,left,ultrawidefield
UWF-mosaic-450.jpg,0,1,0,1,1,0,1,0,left,ultrawidefield
UWF-mosaic-451.jpg,0,1,1,1,1,1,1,0,left,ultrawidefield
UWF-mosaic-452.jpg,0,1,1,1,1,1,1,0,left,ultrawidefield
UWF-mosaic-453.jpg,1,1,1,1,1,1,0,1,right,ultrawidefield
UWF-mosaic-454.jpg,0,1,1,1,1,1,1,0,left,ultrawidefield
UWF-mosaic-455.jpg,0,1,1,1,1,1,0,1,right,ultrawidefield
UWF-mosaic-456.jpg,0,1,1,1,1,1,1,0,left,ultrawidefield
UWF-mosaic-457.jpg,0,1,1,1,1,1,0,1,right,ultrawidefield
UWF-mosaic-458.jpg,0,1,1,1,1,1,1,0,left,ultrawidefield
UWF-mosaic-459.jpg,0,1,1,1,1,1,0,1,right,ultrawidefield
UWF-mosaic-460.jpg,0,1,1,0,1,1,1,0,left,ultrawidefield
UWF-mosaic-461.jpg,0,1,0,1,1,1,0,1,right,ultrawidefield
UWF-mosaic-462.jpg,0,1,1,0,1,1,1,0,left,ultrawidefield
UWF-mosaic-463.jpg,1,1,1,1,1,1,0,1,right,ultrawidefield
UWF-mosaic-464.jpg,0,1,1,1,1,1,1,0,left,ultrawidefield
UWF-mosaic-465.jpg,0,1,1,0,1,1,0,1,right,ultrawidefield
UWF-mosaic-466.jpg,1,1,1,1,1,1,1,0,left,ultrawidefield
UWF-mosaic-467.jpg,0,1,1,1,1,1,0,1,right,ultrawidefield
UWF-mosaic-468.jpg,0,1,0,1,1,1,1,0,left,ultrawidefield
UWF-mosaic-469.jpg,0,1,0,1,1,0,0,1,right,ultrawidefield
UWF-mosaic-470.jpg,0,0,0,0,1,0,1,0,left,ultrawidefield
UWF-mosaic-471.jpg,0,1,1,1,1,1,0,1,right,ultrawidefield
UWF-mosaic-472.jpg,0,1,0,1,1,0,1,0,left,ultrawidefield
UWF-mosaic-473.jpg,1,1,0,1,1,1,0,1,right,ultrawidefield
UWF-mosaic-474.jpg,1,1,0,1,1,1,1,0,left,ultrawidefield
UWF-mosaic-475.jpg,1,1,0,1,1,1,0,1,right,ultrawidefield
UWF-mosaic-476.jpg,1,1,0,1,1,1,1,0,left,ultrawidefield
UWF-mosaic-477.jpg,1,1,0,1,1,1,0,1,right,ultrawidefield
UWF-mosaic-478.jpg,0,0,0,1,1,0,1,0,left,ultrawidefield
UWF-mosaic-479.jpg,1,1,0,1,1,1,0,1,right,ultrawidefield
UWF-mosaic-480.jpg,0,1,0,1,1,0,1,0,left,ultrawidefield
UWF-mosaic-481.jpg,1,1,0,1,1,1,0,1,right,ultrawidefield
UWF-mosaic-482.jpg,0,1,1,1,1,1,1,0,left,ultrawidefield
UWF-mosaic-483.jpg,0,1,0,1,1,0,0,1,right,ultrawidefield
UWF-mosaic-484.jpg,1,0,1,1,1,1,1,0,left,ultrawidefield
UWF-mosaic-485.jpg,1,0,1,1,1,1,0,1,right,ultrawidefield
UWF-mosaic-486.jpg,1,0,1,1,1,1,1,0,left,ultrawidefield
UWF-mosaic-487.jpg,1,0,1,1,1,1,0,1,right,ultrawidefield
UWF-mosaic-488.jpg,0,1,1,1,1,1,1,0,left,ultrawidefield
UWF-mosaic-489.jpg,0,1,1,1,1,1,0,1,right,ultrawidefield
UWF-mosaic-490.jpg,0,1,1,1,1,1,1,0,left,ultrawidefield
UWF-mosaic-491.jpg,0,1,0,1,1,0,0,1,right,ultrawidefield
UWF-mosaic-492.jpg,0,0,0,1,1,0,1,0,left,ultrawidefield
UWF-mosaic-493.jpg,0,1,1,1,1,0,0,1,right,ultrawidefield
UWF-mosaic-494.jpg,0,0,0,0,1,0,1,0,left,ultrawidefield
UWF-mosaic-495.jpg,0,1,1,1,1,0,0,1,right,ultrawidefield
UWF-mosaic-496.jpg,1,1,0,1,1,0,1,0,left,ultrawidefield
UWF-mosaic-497.jpg,0,1,0,1,1,0,0,1,right,ultrawidefield
UWF-mosaic-498.jpg,0,1,0,1,1,0,1,0,left,ultrawidefield
UWF-mosaic-499.jpg,1,1,1,1,1,1,0,1,right,ultrawidefield
UWF-mosaic-500.jpg,1,1,1,1,1,1,1,0,left,ultrawidefield
DR-XJU-1.jpg,1,1,1,1,1,1,1,0,left,standard
DR-XJU-2.jpg,1,1,1,1,1,1,0,1,right,standard
DR-XJU-3.jpg,1,1,1,1,1,1,1,0,left,standard
DR-XJU-4.jpg,1,1,0,1,1,0,0,1,right,standard
DR-XJU-5.jpg,1,0,0,1,1,0,1,0,left,standard
DR-XJU-6.jpg,1,0,0,1,1,0,0,1,right,standard
DR-XJU-7.jpg,1,1,1,1,1,1,0,1,right,standard
DR-XJU-8.jpg,1,1,1,1,1,1,1,0,left,standard
DR-XJU-9.jpg,1,1,0,1,1,1,0,1,right,standard
DR-XJU-10.jpg,1,1,1,1,1,1,1,0,left,standard
DR-XJU-11.jpg,1,1,0,1,1,0,0,1,right,standard
DR-XJU-12.jpg,1,1,1,1,1,1,0,1,right,standard
DR-XJU-13.jpg,1,1,1,1,1,1,1,0,left,standard
DR-XJU-14.jpg,1,1,1,1,1,1,0,1,right,standard
DR-XJU-15.jpg,1,0,0,1,1,0,1,0,left,standard
DR-XJU-16.jpg,1,1,1,1,1,1,0,1,right,standard
DR-XJU-17.jpg,1,1,0,1,1,1,1,0,left,standard
DR-XJU-18.jpg,1,1,1,1,1,1,0,1,right,standard
DR-XJU-19.jpg,1,1,1,1,1,1,1,0,left,standard
DR-XJU-20.jpg,1,1,1,1,1,1,0,1,right,standard
DR-XJU-21.jpg,1,1,0,1,1,1,1,0,left,standard
DR-XJU-22.jpg,1,0,0,1,1,0,0,1,right,standard
DR-XJU-23.jpg,1,0,0,1,1,0,1,0,left,standard
DR-XJU-24.jpg,1,1,1,1,1,1,1,0,left,standard
DR-XJU-25.jpg,0,0,0,1,1,0,0,1,right,standard
DR-XJU-26.jpg,1,1,0,1,1,1,0,1,right,standard
DR-XJU-27.jpg,1,1,0,1,1,1,1,0,left,standard
DR-XJU-28.jpg,1,1,0,1,1,0,0,1,right,standard
DR-XJU-29.jpg,1,0,0,1,1,0,1,0,left,standard
DR-XJU-30,1,1,1,1,1,1,0,1,right,standard
DR-XJU-31,1,1,1,1,1,1,1,0,left,standard
DR-XJU-32.jpg,1,1,1,1,1,1,0,1,right,standard
DR-XJU-33.jpg,1,1,1,1,1,1,1,0,left,standard
DR-XJU-34.jpg,0,0,0,1,1,0,0,1,right,standard
DR-XJU-35.jpg,0,0,0,1,1,0,1,0,left,standard
DR-XJU-36.jpg,1,0,0,1,1,0,0,1,right,standard
DR-XJU-37.jpg,1,0,0,1,1,0,1,0,left,standard
DR-XJU-38.jpg,1,1,0,1,1,0,0,1,right,standard
DR-XJU-39.jpg,1,1,1,1,1,1,1,0,left,standard
DR-XJU-40.jpg,1,1,0,1,1,0,1,0,left,standard
DR-XJU-41.jpg,1,1,1,1,1,1,1,0,left,standard
DR-XJU-42.jpg,1,1,1,1,1,1,0,1,right,standard
DR-XJU-43.jpg,0,1,0,1,1,0,1,0,left,standard
DR-XJU-44.jpg,1,1,1,1,1,1,0,1,right,standard
DR-XJU-45.jpg,1,0,0,1,1,1,1,0,left,standard
DR-XJU-46.jpg,1,1,1,1,1,1,0,1,right,standard
DR-XJU-47.jpg,1,1,0,1,1,1,1,0,left,standard
DR-XJU-48.jpg,1,1,1,1,1,1,0,1,right,standard
DR-XJU-49.jpg,1,1,1,1,1,1,1,0,left,standard
DR-XJU-50.jpg,0,0,0,1,1,0,1,0,left,standard
DR-XJU-51.jpg,1,1,1,1,1,1,0,1,right,standard
DR-XJU-52.jpg,1,1,1,1,1,1,1,0,left,standard
DR-XJU-53.jpg,0,0,0,1,1,0,0,1,right,standard
DR-XJU-54.jpg,0,0,0,1,1,0,1,0,left,standard
DR-XJU-55.jpg,1,1,1,1,1,1,0,1,right,standard
DR-XJU-56.jpg,1,1,1,1,1,1,1,0,left,standard
DR-XJU-57.jpg,1,0,0,1,1,0,0,1,right,standard
DR-XJU-58.jpg,0,0,0,1,1,0,1,0,left,standard
DR-XJU-59.jpg,1,1,1,1,1,1,0,1,right,standard
DR-XJU-60.jpg,1,1,1,1,1,1,1,0,left,standard
DR-XJU-61.jpg,1,1,1,1,1,1,0,1,right,standard
DR-XJU-62.jpg,1,1,1,1,1,1,1,0,left,standard
DR-XJU-63.jpg,1,1,1,1,1,1,1,0,left,standard
DR-XJU-64.jpg,1,1,1,1,1,1,0,1,right,standard
DR-XJU-65.jpg,1,1,0,1,1,1,1,0,left,standard
DR-XJU-66.jpg,0,0,0,1,1,0,0,1,right,standard
DR-XJU-67.jpg,1,0,0,1,1,0,1,0,left,standard
DR-XJU-68.jpg,1,1,1,1,1,1,0,1,right,standard
DR-XJU-69.jpg,1,1,1,1,1,1,1,0,left,standard
DR-XJU-70.jpg,1,1,1,1,1,1,0,1,right,standard
DR-XJU-71.jpg,1,1,0,1,1,1,1,0,left,standard
DR-XJU-72.jpg,1,1,1,1,1,1,1,0,left,standard
DR-XJU-73.jpg,0,1,1,1,1,1,0,1,right,standard
DR-XJU-74.jpg,1,1,1,1,1,1,1,0,left,standard
DR-XJU-75.jpg,1,1,0,1,1,1,0,1,right,standard
DR-XJU-76.jpg,1,0,1,1,1,1,1,0,left,standard
DR-XJU-77.jpg,1,1,1,1,1,1,0,1,right,standard
DR-XJU-78.jpg,1,1,1,1,1,1,1,0,left,standard
DR-XJU-79.jpg,0,0,1,1,1,0,0,1,right,standard
DR-XJU-80.jpg,0,0,0,1,1,0,1,0,left,standard
DR-XJU-81.jpg,1,1,1,1,1,1,0,1,right,standard
DR-XJU-82.jpg,1,1,1,1,1,1,1,0,left,standard
DR-XJU-83.jpg,1,0,0,1,1,0,1,0,left,standard
DR-XJU-84.jpg,1,1,1,1,1,1,0,1,right,standard
DR-XJU-85.jpg,1,1,1,1,1,1,1,0,left,standard
DR-XJU-86.jpg,1,0,0,1,1,0,0,1,right,standard
DR-XJU-87.jpg,1,0,0,1,1,0,0,1,right,standard
DR-XJU-88.jpg,1,0,0,1,1,0,1,0,left,standard
DR-XJU-89.jpg,1,0,0,1,1,0,1,0,left,standard
DR-XJU-90.jpg,1,0,0,1,1,0,0,1,right,standard
DR-XJU-91.jpg,1,0,1,1,1,0,1,0,left,standard
DR-XJU-92.jpg,1,1,0,1,1,0,0,1,right,standard
DR-XJU-93.jpg,1,1,0,1,1,0,1,0,left,standard
DR-XJU-94.jpg,1,1,0,1,1,0,0,1,right,standard
DR-XJU-95.jpg,1,1,0,1,1,0,1,0,left,standard
DR-XJU-96.jpg,1,1,0,1,1,0,0,1,right,standard
DR-XJU-97.jpg,1,0,0,1,1,0,1,0,left,standard
DR-XJU-98.jpg,1,1,0,1,1,0,0,1,right,standard
DR-XJU-99.jpg,1,0,0,1,1,0,1,0,left,standard
DR-XJU-100.jpg,1,0,0,1,1,0,0,1,right,standard
DR-XJU-101.jpg,1,0,0,1,1,0,1,0,left,standard
DR-XJU-102.jpg,1,1,0,1,1,0,0,1,right,standard
DR-XJU-103.jpg,1,0,0,1,1,0,1,0,left,standard
DR-XJU-104.jpg,1,0,0,1,1,0,0,1,right,standard
DR-XJU-105.jpg,1,0,0,1,1,0,1,0,left,standard
DR-XJU-106.jpg,1,1,0,1,1,1,1,0,left,standard
DR-XJU-107.jpg,1,1,1,1,1,1,0,1,right,standard
DR-XJU-108.jpg,1,1,1,1,1,1,1,0,left,standard
DR-XJU-109.jpg,1,1,0,1,1,0,0,1,right,standard
DR-XJU-110.jpg,1,1,1,1,1,1,1,0,left,standard
DR-XJU-111.jpg,1,1,1,1,1,1,0,1,right,standard
DR-XJU-112.jpg,1,0,0,1,1,0,1,0,left,standard
DR-XJU-113.jpg,1,1,0,1,1,0,0,1,right,standard
DR-XJU-114.jpg,1,1,0,1,1,0,1,0,left,standard
DR-XJU-115.jpg,1,1,0,1,1,0,0,1,right,standard
DR-XJU-116.jpg,1,1,1,1,1,1,0,1,right,standard
DR-XJU-117.jpg,1,0,0,1,1,0,1,0,left,standard
DR-XJU-118.jpg,0,0,1,1,1,0,0,1,right,standard
DR-XJU-119.jpg,1,1,0,1,1,0,1,0,left,standard
DR-XJU-120.jpg,0,0,0,1,1,0,0,1,right,standard
DR-XJU-121.jpg,1,1,1,1,1,1,1,0,left,standard
DR-XJU-122.jpg,1,1,1,1,1,1,0,1,right,standard
DR-XJU-123.jpg,1,1,1,1,1,1,1,0,left,standard
DR-XJU-124.jpg,0,1,1,1,1,1,0,1,right,standard
DR-XJU-125.jpg,0,0,1,1,1,0,1,0,left,standard
DR-XJU-126.jpg,1,1,0,1,1,0,0,1,right,standard
DR-XJU-127.jpg,1,0,0,1,1,0,1,0,left,standard
DR-XJU-128.jpg,1,0,0,1,1,0,0,1,right,standard
DR-XJU-129.jpg,1,1,0,1,1,0,1,0,left,standard
DR-XJU-130.jpg,1,0,0,1,1,0,0,1,right,standard
DR-XJU-131.jpg,1,1,1,1,1,1,0,1,right,standard
DR-XJU-132.jpg,1,1,1,1,1,1,1,0,left,standard
DR-XJU-133.jpg,1,1,1,1,1,1,0,1,right,standard
DR-XJU-134.jpg,1,1,0,1,1,1,1,0,left,standard
DR-XJU-135.jpg,1,1,0,1,1,0,0,1,right,standard
DR-XJU-136.jpg,1,1,1,1,1,1,1,0,left,standard
DR-XJU-137.jpg,1,1,1,1,1,1,0,1,right,standard
DR-XJU-138.jpg,1,1,1,1,1,1,1,0,left,standard
DR-XJU-139.jpg,1,0,0,1,1,0,0,1,right,standard
DR-XJU-140.jpg,1,0,0,1,1,0,1,0,left,standard
DR-XJU-141.jpg,1,1,1,1,1,1,0,1,right,standard
DR-XJU-142.jpg,1,1,1,1,1,1,1,0,left,standard
DR-XJU-143.jpg,1,1,1,1,1,1,0,1,right,standard
DR-XJU-144.jpg,1,1,1,1,1,1,1,0,left,standard
DR-XJU-145.jpg,1,1,0,1,1,0,0,1,right,standard
DR-XJU-146.jpg,0,1,0,1,1,0,1,0,left,standard
DR-XJU-147.jpg,1,1,1,1,1,1,0,1,right,standard
DR-XJU-148.jpg,0,0,1,1,1,0,1,0,left,standard
DR-XJU-149.jpg,0,0,0,1,1,0,0,1,right,standard
DR-XJU-150.jpg,1,0,0,1,1,0,1,0,left,standard
DR-XJU-151.jpg,1,1,1,1,1,1,0,1,right,standard
DR-XJU-152.jpg,1,1,1,1,1,1,1,0,left,standard
DR-XJU-153.jpg,0,1,1,1,1,0,0,1,right,standard
DR-XJU-154.jpg,1,1,0,1,1,0,1,0,left,standard
DR-XJU-155.jpg,0,0,0,1,1,0,0,1,right,standard
DR-XJU-156.jpg,0,1,1,1,1,0,1,0,left,standard
DR-XJU-157.jpg,1,0,0,1,1,0,0,1,right,standard
DR-XJU-158.jpg,1,0,0,1,1,0,1,0,left,standard
DR-XJU-159.jpg,1,1,1,1,1,1,0,1,right,standard
DR-XJU-160.jpg,1,1,1,1,1,1,1,0,left,standard
DR-XJU-161.jpg,1,1,1,1,1,1,0,1,right,standard
DR-XJU-162.jpg,1,1,1,1,1,1,1,0,left,standard
DR-XJU-163.jpg,1,0,0,1,1,0,0,1,right,standard
DR-XJU-164.jpg,1,1,1,1,1,1,0,1,right,standard
DR-XJU-165.jpg,1,0,1,1,1,0,1,0,left,standard
DR-XJU-166.jpg,1,1,1,1,1,1,0,1,right,standard
DR-XJU-167.jpg,1,1,1,1,1,1,1,0,left,standard
DR-XJU-168.jpg,1,1,1,1,1,1,0,1,right,standard
DR-XJU-169.jpg,1,1,1,1,1,1,1,0,left,standard
DR-XJU-170.jpg,1,0,0,1,1,0,0,1,right,standard
DR-XJU-171.jpg,1,0,0,1,1,0,1,0,left,standard
DR-XJU-172.jpg,0,0,0,1,1,0,0,1,right,standard
DR-XJU-173.jpg,0,0,0,1,1,1,1,0,left,standard
DR-XJU-174.jpg,1,1,1,1,1,1,0,1,right,standard
DR-XJU-175.jpg,1,1,1,1,1,1,1,0,left,standard
DR-XJU-176.jpg,0,1,0,1,1,0,0,1,right,standard
DR-XJU-177.jpg,1,1,1,1,1,1,1,0,left,standard
DR-XJU-178.jpg,1,1,1,1,1,1,0,1,right,standard
DR-XJU-179.jpg,1,1,1,1,1,1,1,0,left,standard
DR-XJU-180.jpg,1,1,0,1,1,0,0,1,right,standard
DR-XJU-181.jpg,1,1,0,1,1,0,1,0,left,standard
DR-XJU-182.jpg,1,1,1,1,1,1,0,1,right,standard
DR-XJU-183.jpg,1,1,1,1,1,1,1,0,left,standard
DR-XJU-184.jpg,1,1,1,1,1,1,0,1,right,standard
DR-XJU-185.jpg,1,1,1,1,1,1,1,0,left,standard
DR-XJU-186.jpg,0,1,0,1,1,0,0,1,right,standard
DR-XJU-187.jpg,1,0,0,1,1,0,1,0,left,standard
DR-XJU-188.jpg,1,1,1,1,1,1,0,1,right,standard
DR-XJU-189.jpg,1,1,0,1,1,0,1,0,left,standard
DR-XJU-190.jpg,1,1,0,1,1,0,0,1,right,standard
DR-XJU-191.jpg,1,1,0,1,1,0,1,0,left,standard
DR-XJU-192.jpg,1,1,1,1,1,1,0,1,right,standard
DR-XJU-193.jpg,1,1,1,1,1,1,1,0,left,standard
DR-XJU-194.jpg,0,1,0,1,1,0,0,1,right,standard
DR-XJU-195.jpg,0,1,0,1,1,0,1,0,left,standard
DR-XJU-196.jpg,1,0,0,1,1,0,0,1,right,standard
DR-XJU-197.jpg,1,0,0,1,1,0,1,0,left,standard
DR-XJU-198.jpg,0,0,0,1,1,0,0,1,right,standard
DR-XJU-199.jpg,0,0,0,1,1,0,1,0,left,standard
DR-XJU-200.jpg,1,1,1,1,1,1,0,1,right,standard
DR-XJU-201.jpg,1,1,1,1,1,1,1,0,left,standard
DR-XJU-202.jpg,1,1,1,1,1,1,0,1,right,standard
DR-XJU-203.jpg,1,1,1,1,1,1,1,0,left,standard
DR-XJU-204.jpg,1,1,1,1,1,1,0,1,right,standard
DR-XJU-205.jpg,1,1,0,1,1,0,1,0,left,standard
DR-XJU-206.jpg,1,1,0,1,1,0,0,1,right,standard
DR-XJU-207.jpg,1,1,0,1,1,0,1,0,left,standard
DR-XJU-208.jpg,1,1,1,1,1,1,0,1,right,standard
DR-XJU-209.jpg,1,1,1,1,1,1,1,0,left,standard
DR-XJU-210.jpg,1,1,1,1,1,1,0,1,right,standard
DR-XJU-211.jpg,1,1,1,1,1,1,1,0,left,standard
DR-XJU-212.jpg,0,0,1,1,1,0,0,1,right,standard
DR-XJU-213.jpg,1,0,0,1,1,0,1,0,left,standard
DR-XJU-214.jpg,1,0,0,1,1,0,0,1,right,standard
DR-XJU-215.jpg,1,0,0,1,1,0,1,0,left,standard
DR-XJU-216.jpg,1,1,0,1,1,0,0,1,right,standard
DR-XJU-217.jpg,1,0,1,1,1,0,1,0,left,standard
DR-XJU-218.jpg,1,0,0,1,1,0,0,1,right,standard
DR-XJU-219.jpg,1,1,0,1,1,0,1,0,left,standard
DR-XJU-220.jpg,1,1,0,1,1,0,0,1,right,standard
DR-XJU-221.jpg,1,1,0,1,1,0,1,0,left,standard
DR-XJU-222.jpg,0,0,0,1,1,0,0,1,right,standard
DR-XJU-223.jpg,0,0,0,1,0,0,1,0,left,standard
DR-XJU-224.jpg,1,1,1,1,1,1,0,1,right,standard
DR-XJU-225.jpg,1,1,1,1,1,1,1,0,left,standard
DR-XJU-226.jpg,1,1,0,1,1,0,0,1,right,standard
DR-XJU-227.jpg,1,1,0,1,1,1,1,0,left,standard
DR-XJU-228.jpg,1,0,0,1,1,0,0,1,right,standard
DR-XJU-229.jpg,1,0,0,1,1,0,1,0,left,standard
DR-XJU-230.jpg,1,0,1,1,1,1,0,1,right,standard
DR-XJU-231.jpg,1,0,1,1,1,1,1,0,left,standard
DR-XJU-232.jpg,0,0,0,1,1,0,0,1,right,standard
DR-XJU-233.jpg,0,0,0,1,1,0,1,0,left,standard
DR-XJU-234.jpg,0,0,0,1,1,0,0,1,right,standard
DR-XJU-235.jpg,0,0,0,1,1,0,1,0,left,standard
DR-ZJU-1.jpg,1,1,1,1,1,1,1,0,left,standard
DR-ZJU-2.jpg,1,1,1,1,1,1,1,0,left,standard
DR-ZJU-3.jpg,1,1,0,1,1,0,0,1,right,standard
DR-ZJU-4.jpg,1,1,1,1,1,1,1,0,left,standard
DR-ZJU-5.jpg,0,1,1,1,1,0,1,0,left,standard
DR-ZJU-6.jpg,1,1,1,1,1,1,0,1,right,standard
DR-ZJU-7.jpg,1,1,1,1,1,1,1,0,left,standard
DR-ZJU-8.jpg,1,1,1,1,1,1,1,0,left,standard
DR-ZJU-9.jpg,1,1,0,1,1,0,0,1,right,standard
DR-ZJU-10.jpg,1,1,1,1,1,1,1,0,left,standard
DR-ZJU-11.jpg,1,0,0,1,1,1,0,1,right,standard
DR-ZJU-12.jpg,1,1,1,1,1,1,1,0,left,standard
DR-ZJU-13.jpg,0,1,1,1,1,1,1,0,left,standard
DR-ZJU-14.jpg,0,0,0,1,1,0,1,0,left,standard
DR-ZJU-15.jpg,0,1,0,1,1,0,0,1,right,standard
DR-ZJU-16.jpg,1,1,1,1,1,1,1,0,left,standard
DR-ZJU-17.jpg,1,1,1,1,1,1,0,1,right,standard
DR-ZJU-18.jpg,1,1,1,1,1,1,1,0,left,standard
DR-ZJU-19.jpg,1,1,1,1,1,1,0,1,right,standard
DR-ZJU-20.jpg,1,1,1,1,1,1,1,0,left,standard
DR-ZJU-21.jpg,1,1,1,1,1,1,0,1,right,standard
DR-ZJU-22.jpg,1,1,1,1,1,1,1,0,left,standard
DR-ZJU-23.jpg,1,1,1,1,1,1,0,1,right,standard
DR-ZJU-24.jpg,1,1,0,1,1,0,0,1,right,standard
DR-ZJU-25.jpg,1,1,1,1,1,1,1,0,left,standard
DR-ZJU-26.jpg,0,1,1,1,1,1,0,1,right,standard
DR-ZJU-27.jpg,0,0,0,1,1,0,1,0,left,standard
DR-ZJU-28.jpg,1,1,1,1,1,1,0,1,right,standard
DR-ZJU-29.jpg,1,1,1,1,1,1,1,0,left,standard
DR-ZJU-30.jpg,1,1,1,1,1,1,0,1,right,standard
DR-ZJU-31.jpg,0,1,1,1,1,1,1,0,left,standard
DR-ZJU-32.jpg,1,1,1,1,1,1,0,1,right,standard
DR-ZJU-33.jpg,1,1,0,1,1,0,1,0,left,standard
DR-ZJU-34.jpg,1,1,1,1,1,1,0,1,right,standard
DR-ZJU-35.jpg,1,1,1,1,1,1,1,0,left,standard
DR-ZJU-36.jpg,1,1,0,1,1,1,0,1,right,standard
DR-ZJU-37.jpg,1,1,1,1,1,1,1,0,left,standard
DR-ZJU-38.jpg,1,1,1,1,1,1,0,1,right,standard
DR-ZJU-39.jpg,1,1,1,1,1,1,1,0,left,standard
DR-ZJU-40.jpg,1,1,1,1,1,1,0,1,right,standard
DR-ZJU-41.jpg,1,1,1,1,1,1,1,0,left,standard
DR-ZJU-42.jpg,1,1,1,1,1,1,0,1,right,standard
DR-ZJU-43.jpg,1,1,1,1,1,1,1,0,left,standard
DR-ZJU-44.jpg,1,0,0,1,1,0,1,0,left,standard
DR-ZJU-45.jpg,1,1,1,1,1,1,0,1,right,standard
DR-ZJU-46.jpg,1,1,1,1,1,1,1,0,left,standard
DR-ZJU-47.jpg,0,1,0,1,1,0,0,1,right,standard
DR-ZJU-48.jpg,1,1,1,1,1,1,1,0,left,standard
DR-ZJU-49.jpg,1,1,1,1,1,1,0,1,right,standard
DR-ZJU-50.jpg,1,1,1,1,1,1,1,0,left,standard
DR-ZJU-51.jpg,1,1,0,1,1,0,0,1,right,standard
DR-ZJU-52.jpg,1,0,1,1,1,1,1,0,left,standard
DR-ZJU-53.jpg,0,0,0,1,1,0,0,1,right,standard
DR-ZJU-54.jpg,1,1,1,1,1,1,0,1,right,standard
DR-ZJU-55.jpg,0,1,1,1,1,1,1,0,left,standard
DR-ZJU-56.jpg,0,0,0,1,1,0,0,1,right,standard
DR-ZJU-57.jpg,0,1,1,1,1,0,1,0,left,standard
DR-ZJU-58.jpg,1,1,1,1,1,1,1,0,left,standard
DR-ZJU-59.jpg,1,1,1,1,1,1,0,1,right,standard
DR-ZJU-60.jpg,1,1,1,1,1,1,0,1,right,standard
DR-ZJU-61.jpg,1,1,1,1,1,1,1,0,left,standard
DR-ZJU-62.jpg,1,1,1,1,1,1,0,1,right,standard
DR-ZJU-63.jpg,1,1,1,1,1,1,1,0,left,standard
DR-ZJU-64.jpg,1,1,0,1,1,0,0,1,right,standard
DR-ZJU-65.jpg,1,1,1,1,1,1,1,0,left,standard
DR-ZJU-66.jpg,1,1,1,1,1,1,0,1,right,standard
DR-ZJU-67.jpg,1,1,1,1,1,1,0,1,right,standard
DR-ZJU-68.jpg,1,1,1,1,1,1,1,0,left,standard
DR-ZJU-69.jpg,1,1,0,1,1,0,0,1,right,standard
DR-ZJU-70.jpg,1,1,0,1,1,1,1,0,left,standard
DR-ZJU-71.jpg,1,1,1,1,1,1,0,1,right,standard
DR-ZJU-72.jpg,1,1,1,1,1,1,0,1,right,standard
DR-ZJU-73.jpg,1,1,1,1,1,1,0,1,right,standard
DR-ZJU-74.jpg,1,1,1,1,1,1,0,1,right,standard
DR-ZJU-75.jpg,1,1,1,1,1,1,1,0,left,standard
DR-ZJU-76.jpg,1,1,0,1,1,0,0,1,right,standard
DR-ZJU-77.jpg,1,1,1,1,1,1,0,1,right,standard
DR-ZJU-78.jpg,1,1,1,1,1,1,1,0,left,standard
DR-ZJU-79.jpg,0,1,0,1,1,1,1,0,left,standard
DR-ZJU-80.jpg,1,1,1,1,1,1,0,1,right,standard
DR-ZJU-81.jpg,1,1,1,1,1,1,0,1,right,standard
DR-ZJU-82.jpg,1,1,0,1,1,0,1,0,left,standard
DR-ZJU-83.jpg,1,1,0,1,1,0,0,1,right,standard
DR-ZJU-84.jpg,0,1,1,1,1,0,1,0,left,standard
DR-ZJU-85.jpg,0,0,1,1,1,0,0,1,right,standard
DR-ZJU-86.jpg,0,1,1,1,1,0,1,0,left,standard
DR-ZJU-87.jpg,1,0,0,1,1,0,0,1,right,standard
DR-ZJU-88.jpg,1,1,1,1,1,1,1,0,left,standard
DR-ZJU-89.jpg,0,1,1,1,1,1,1,0,left,standard
DR-ZJU-90.jpg,1,1,1,1,1,1,0,1,right,standard
DR-ZJU-91.jpg,1,1,1,1,1,1,1,0,left,standard
DR-ZJU-92.jpg,1,1,1,1,1,1,0,1,right,standard
DR-ZJU-93.jpg,1,1,1,1,1,1,1,0,left,standard
DR-ZJU-94.jpg,1,1,1,1,1,1,0,1,right,standard
DR-ZJU-95.jpg,1,1,1,1,1,1,1,0,left,standard
DR-ZJU-96.jpg,1,1,1,1,1,1,0,1,right,standard
DR-ZJU-97.jpg,1,1,1,1,1,1,1,0,left,standard
DR-ZJU-98.jpg,1,1,1,1,1,1,1,0,left,standard
DR-ZJU-99.jpg,1,1,1,1,1,1,0,1,right,standard
DR-ZJU-100.jpg,1,1,1,1,1,1,1,0,left,standard
DR-ZJU-101.jpg,1,1,1,1,1,1,0,1,right,standard
DR-ZJU-102.jpg,0,1,1,1,1,1,1,0,left,standard
DR-ZJU-103.jpg,1,1,1,1,1,1,0,1,right,standard
DR-ZJU-104.jpg,1,1,1,1,1,1,1,0,left,standard
DR-ZJU-105.jpg,1,1,1,1,1,1,0,1,right,standard
DR-ZJU-106.jpg,1,1,1,1,1,1,0,1,right,standard
DR-ZJU-107.jpg,1,1,1,1,1,1,1,0,left,standard
DR-ZJU-108.jpg,1,1,1,1,1,1,0,1,right,standard
DR-ZJU-109.jpg,1,1,1,1,1,1,1,0,left,standard
DR-ZJU-110.jpg,1,1,1,1,1,1,0,1,right,standard
DR-ZJU-111.jpg,1,1,1,1,1,1,0,1,right,standard
DR-ZJU-112.jpg,1,1,1,1,1,1,1,0,left,standard
DR-ZJU-113.jpg,0,1,0,1,1,0,0,1,right,standard
DR-ZJU-114.jpg,0,1,0,1,1,0,1,0,left,standard
DR-ZJU-115.jpg,1,1,1,1,1,1,1,0,left,standard
DR-ZJU-116.jpg,1,1,1,1,1,1,1,0,left,standard
DR-ZJU-117.jpg,1,1,1,1,1,1,0,1,right,standard
DR-ZJU-118.jpg,1,1,1,1,1,1,1,0,left,standard
DR-ZJU-119.jpg,1,1,1,1,1,1,0,1,right,standard
DR-ZJU-120.jpg,1,1,1,1,1,1,1,0,left,standard
DR-ZJU-121.jpg,1,1,1,1,1,1,0,1,right,standard
DR-ZJU-122.jpg,1,1,1,1,1,1,1,0,left,standard
DR-ZJU-123.jpg,1,1,1,1,1,1,0,1,right,standard
DR-ZJU-124.jpg,1,1,1,1,1,1,1,0,left,standard
DR-ZJU-125.jpg,1,1,1,1,1,1,0,1,right,standard
DR-ZJU-126.jpg,1,1,1,1,1,1,1,0,left,standard
DR-ZJU-127.jpg,1,1,1,1,1,1,0,1,right,standard
DR-ZJU-128.jpg,1,1,1,1,1,1,1,0,left,standard
DR-ZJU-129.jpg,1,1,1,1,1,1,0,1,right,standard
DR-ZJU-130.jpg,1,1,1,1,1,1,1,0,left,standard
DR-ZJU-131.jpg,1,1,1,1,1,1,0,1,right,standard
DR-ZJU-132.jpg,1,1,0,1,1,0,0,1,right,standard
DR-ZJU-133.jpg,1,1,1,1,1,1,1,0,left,standard
DR-ZJU-134.jpg,1,1,1,1,1,1,0,1,right,standard
DR-ZJU-135.jpg,1,0,0,1,1,0,1,0,left,standard
DR-ZJU-136.jpg,1,1,1,1,1,1,0,1,right,standard
DR-ZJU-137.jpg,0,1,1,1,1,0,1,0,left,standard
DR-ZJU-138.jpg,1,1,0,1,1,0,0,1,right,standard
DR-ZJU-139.jpg,1,1,1,1,1,1,0,1,right,standard
DR-ZJU-140.jpg,1,1,1,1,1,1,1,0,left,standard
DR-ZJU-141.jpg,1,1,1,1,1,1,1,0,left,standard
DR-ZJU-142.jpg,1,1,1,1,1,1,1,0,left,standard
DR-ZJU-143.jpg,1,1,1,1,1,1,0,1,right,standard
DR-ZJU-144.jpg,1,1,1,1,1,1,1,0,left,standard
DR-ZJU-145.jpg,1,1,1,1,1,1,0,1,right,standard
DR-ZJU-146.jpg,1,1,1,1,1,1,1,0,left,standard
DR-ZJU-147.jpg,1,1,0,1,1,0,0,1,right,standard
DR-ZJU-148.jpg,1,1,1,1,1,1,0,1,right,standard
DR-ZJU-149.jpg,1,1,1,1,1,1,1,0,left,standard
DR-ZJU-150.jpg,1,1,1,1,1,1,0,1,right,standard
DR-ZJU-151.jpg,1,1,1,1,1,1,1,0,left,standard
DR-ZJU-152.jpg,1,1,1,1,1,1,0,1,right,standard
DR-ZJU-153.jpg,1,1,0,1,1,0,1,0,left,standard
DR-ZJU-154.jpg,0,1,1,1,1,0,0,1,right,standard
DR-ZJU-155.jpg,0,1,1,1,1,1,1,0,left,standard
DR-ZJU-156.jpg,1,1,1,1,1,1,1,0,left,standard
DR-ZJU-157.jpg,0,0,1,1,1,0,1,0,left,standard
DR-ZJU-158.jpg,1,1,1,1,1,1,1,0,left,standard
DR-ZJU-159.jpg,1,1,1,1,1,1,0,1,right,standard
DR-ZJU-160.jpg,1,1,1,1,1,1,1,0,left,standard
DR-ZJU-161.jpg,1,1,1,1,1,1,0,1,right,standard
DR-ZJU-162.jpg,0,1,1,1,1,0,0,1,right,standard
DR-ZJU-163.jpg,1,1,1,1,1,1,1,0,left,standard
DR-ZJU-164.jpg,1,1,1,1,1,1,1,0,left,standard
DR-ZJU-165.jpg,1,1,1,1,1,1,0,1,right,standard
DR-ZJU-166.jpg,1,0,0,1,1,0,1,0,left,standard
DR-ZJU-167.jpg,1,1,1,1,1,1,0,1,right,standard
DR-ZJU-168.jpg,1,1,1,1,1,1,1,0,left,standard
DR-ZJU-169.jpg,1,1,1,1,1,1,0,1,right,standard
DR-ZJU-170.jpg,1,1,1,1,1,1,0,1,right,standard
DR-ZJU-171.jpg,1,1,1,1,1,1,0,1,right,standard
DR-ZJU-172.jpg,1,1,1,1,1,1,1,0,left,standard
DR-ZJU-173.jpg,1,1,1,1,1,1,0,1,right,standard
DR-ZJU-174.jpg,1,1,1,1,1,1,1,0,left,standard
DR-ZJU-175.jpg,1,1,0,1,1,0,0,1,right,standard
DR-ZJU-176.jpg,1,1,1,1,1,1,0,1,right,standard
DR-ZJU-177.jpg,1,1,1,1,1,1,1,0,left,standard
DR-ZJU-178.jpg,1,1,0,1,1,1,0,1,right,standard
DR-ZJU-179.jpg,1,0,0,1,1,0,1,0,left,standard
DR-ZJU-180.jpg,1,1,1,1,1,1,0,1,right,standard
DR-ZJU-181.jpg,1,1,1,1,1,1,1,0,left,standard
DR-ZJU-182.jpg,1,1,0,1,1,1,0,1,right,standard
DR-ZJU-183.jpg,1,1,1,1,1,1,0,1,right,standard
DR-ZJU-184.jpg,0,0,1,0,1,0,0,1,right,standard
DR-ZJU-185.jpg,1,0,0,1,1,0,1,0,left,standard
DR-ZJU-186.jpg,1,0,0,1,1,0,0,1,right,standard
DR-ZJU-187.jpg,0,0,0,1,1,0,1,0,left,standard
